frame,direction,error_raw,error_filtered,angle_deg,v,straight_boost,left_cmd,right_cmd,fps
0,left,-4.7954,-1.4386,-2.77,30.9,0.0,61.8,0.0,0.2
1,left,-4.7954,-2.4456,-2.77,30.9,0.0,61.8,0.0,7.5
2,left,-4.7954,-3.1506,-2.77,30.9,0.0,61.8,0.0,18.7
3,left,-4.7954,-3.6440,-2.77,30.9,0.0,61.8,0.0,28.4
4,left,-4.8096,-3.9937,-2.76,30.9,0.0,61.8,0.0,29.9
5,left,-5.5626,-4.4644,-2.40,30.8,0.0,61.6,0.0,32.0
6,left,-5.5626,-4.7939,-2.40,30.8,0.0,61.6,0.0,33.4
7,left,-10.7578,-6.5830,-1.27,30.4,0.0,60.8,0.0,34.4
8,left,11.6368,-1.1171,1.19,30.4,0.0,0.0,60.8,35.6
9,left,-606.4147,-182.7064,-0.02,30.0,0.0,60.0,0.0,36.5
10,left,-606.4147,-309.8189,-0.02,30.0,0.0,60.0,0.0,37.5
11,left,-9.9654,-219.8629,-1.41,30.5,0.0,0.0,60.9,38.4
12,left,-7.0493,-156.0188,-2.02,30.7,0.0,0.0,61.3,39.7
13,left,-7.0493,-111.3280,-2.02,30.7,0.0,0.0,61.3,40.9
14,left,-6.9581,-80.0170,-2.07,30.7,0.0,0.0,61.4,41.8
15,left,-6.9581,-58.0993,-2.07,30.7,0.0,0.0,61.4,42.8
16,left,-3.6221,-41.7562,-4.11,31.4,0.0,0.0,62.7,43.4
17,left,-2.8655,-30.0890,-5.20,31.7,0.0,0.0,63.5,44.3
18,left,-2.8655,-21.9219,-5.20,31.7,0.0,0.0,63.5,45.0
19,left,-2.4714,-16.0868,-5.87,32.0,0.0,0.0,63.9,45.6
20,left,-2.3843,-11.9760,-5.86,32.0,0.0,0.0,63.9,46.3
21,left,-2.3843,-9.0985,-5.86,32.0,0.0,0.0,63.9,46.8
22,left,-2.4865,-7.1149,-5.40,31.8,0.0,0.0,63.6,47.3
23,left,-2.4865,-5.7264,-5.40,31.8,0.0,0.0,63.6,47.7
24,left,-2.2128,-4.6723,-5.79,31.9,0.0,0.0,63.9,47.8
25,left,-1.7468,-3.7947,-6.85,32.3,0.0,0.0,64.6,48.2
26,left,-1.7468,-3.1803,-6.85,32.3,0.0,1.6,62.9,48.5
27,left,-1.6902,-2.7333,-6.70,32.2,0.0,23.4,41.0,48.8
28,left,-1.3003,-2.3034,-7.81,32.6,0.0,13.7,51.5,49.1
29,left,-1.3003,-2.0025,-7.81,32.6,0.0,31.0,34.2,49.3
30,left,-1.0897,-1.7286,-8.30,32.8,0.0,28.8,36.7,49.4
31,left,-1.0897,-1.5370,-8.30,32.8,0.0,47.7,17.8,49.2
32,left,-0.9277,-1.3542,-8.72,32.9,0.0,44.8,21.0,48.2
33,left,-1.1997,-1.3078,-7.30,32.4,0.0,62.5,2.4,47.4
34,left,-1.1979,-1.2748,-7.30,32.4,0.0,63.6,1.3,47.3
35,left,-1.1979,-1.2517,-7.30,32.4,0.0,64.9,0.0,46.6
36,left,-2.3641,-1.5854,-4.58,31.5,0.0,63.1,0.0,45.2
37,left,-2.3762,-1.8227,-4.64,31.5,0.0,63.1,0.0,45.0
38,left,-6.6021,-3.2565,-1.95,30.7,0.0,61.3,0.0,44.1
39,left,-8.8651,-4.9391,-1.50,30.5,0.0,61.0,0.0,43.4
40,left,-8.8651,-6.1169,-1.50,30.5,0.0,61.0,0.0,43.2
41,right,51.0796,11.0420,0.27,30.1,0.0,0.0,60.2,41.5
42,right,51.0796,23.0533,0.27,30.1,0.0,0.0,60.2,40.2
43,right,7.2526,18.3131,1.94,30.6,0.0,61.3,0.0,40.3
44,right,-10.7704,9.5880,-1.29,30.4,0.0,60.9,0.0,40.3
45,right,-10.7704,3.4805,-1.29,30.4,0.0,60.9,0.0,39.7
46,right,-5.2828,0.8515,-2.62,30.9,0.0,61.7,0.0,40.2
47,right,35.6458,11.2898,0.39,30.1,0.0,0.0,60.3,40.0
48,right,35.6458,18.5966,0.39,30.1,0.0,0.0,60.3,40.3
49,right,18.5508,18.5829,0.75,30.2,0.0,0.0,60.5,39.8
50,right,18.5508,18.5732,0.75,30.2,0.0,0.0,60.5,38.7
51,right,-5.1423,11.4586,-2.79,30.9,0.0,61.9,0.0,37.9
52,right,-4.2921,6.7334,-3.31,31.1,0.0,62.2,0.0,38.0
53,right,-5.9603,2.9253,-2.34,30.8,0.0,61.6,0.0,37.9
54,right,-5.9603,0.2596,-2.34,30.8,0.0,61.6,0.0,38.9
55,left,-5.9603,-1.6064,-2.34,30.8,0.0,61.6,0.0,39.6
56,left,-17.8908,-6.4917,-0.78,30.3,0.0,60.5,0.0,39.7
57,right,25.0210,2.9621,0.56,30.2,0.0,0.0,60.4,39.6
58,right,14.1459,6.3173,0.98,30.3,0.0,0.0,60.7,39.5
59,right,14.2407,8.6943,0.96,30.3,0.0,0.0,60.6,39.6
60,right,87.6642,32.3853,0.16,30.1,0.0,0.0,60.1,39.0
61,right,87.6642,48.9690,0.16,30.1,0.0,0.0,60.1,39.2
62,right,-12.9774,30.3850,-1.11,30.4,0.0,60.7,0.0,39.6
63,right,-7.8439,18.9164,-1.85,30.6,0.0,61.2,0.0,39.8
64,right,-5.6686,11.5409,-2.57,30.9,0.0,61.7,0.0,38.6
65,right,-7.7250,5.7611,-1.85,30.6,0.0,61.2,0.0,39.1
66,left,-18.1306,-1.4064,-0.78,30.3,0.0,60.5,0.0,39.2
67,right,59.1112,16.7489,0.24,30.1,0.0,0.0,60.2,40.2
68,right,59.1112,29.4576,0.24,30.1,0.0,0.0,60.2,40.4
69,right,30.2201,29.6864,0.46,30.2,0.0,0.0,60.3,40.5
70,right,-60.2758,2.6977,-0.23,30.1,0.0,60.2,0.0,41.3
71,left,-7.8069,-0.4537,-1.89,30.6,0.0,61.3,0.0,42.2
72,left,-7.8069,-2.6596,-1.89,30.6,0.0,61.3,0.0,43.2
73,left,-5.7934,-3.5997,-2.58,30.9,0.0,61.7,0.0,43.5
74,left,-5.7934,-4.2578,-2.58,30.9,0.0,61.7,0.0,44.1
75,left,-17.7806,-8.3147,-0.80,30.3,0.0,60.5,0.0,43.6
76,right,40.1570,6.2268,0.34,30.1,0.0,0.0,60.2,44.2
77,right,16.5327,9.3186,0.82,30.3,0.0,0.0,60.5,45.0
78,right,16.5327,11.4828,0.82,30.3,0.0,0.0,60.5,45.5
79,right,5.6849,9.7434,2.21,30.7,0.0,61.5,0.0,46.0
80,right,5.6849,8.5259,2.21,30.7,0.0,27.8,33.7,46.6
81,right,7.1786,8.1217,1.79,30.6,0.0,0.0,61.2,47.0
82,right,14.6967,10.0942,0.92,30.3,0.0,0.0,60.6,47.5
83,right,14.6967,11.4750,0.92,30.3,0.0,0.0,60.6,47.9
84,right,9.1581,10.7799,1.43,30.5,0.0,0.0,61.0,47.9
85,right,44.5884,20.9225,0.31,30.1,0.0,0.0,60.2,48.3
86,right,44.5884,28.0222,0.31,30.1,0.0,0.0,60.2,48.7
87,right,-0.6469,19.4215,0.00,30.0,0.0,60.0,0.0,48.9
88,right,-0.6469,13.4010,0.00,30.0,0.0,60.0,0.0,48.9
89,right,-4.7146,7.9663,-3.37,31.1,0.0,62.2,0.0,48.6
90,right,-5.2287,4.0078,-2.95,31.0,0.0,62.0,0.0,48.8
91,right,-5.2287,1.2368,-2.95,31.0,0.0,62.0,0.0,48.8
92,left,-12.6298,-2.9232,-1.15,30.4,0.0,60.8,0.0,48.8
93,left,-24.3872,-9.3624,-0.59,30.2,0.0,60.4,0.0,48.8
94,left,-24.3872,-13.8698,-0.59,30.2,0.0,60.4,0.0,48.9
95,left,10.2400,-6.6369,1.29,30.4,0.0,0.0,60.9,49.1
96,left,3.3545,-3.6395,3.45,31.2,0.0,0.0,62.3,49.2
97,left,3.3545,-1.5413,3.45,31.2,0.0,0.0,62.3,49.0
98,left,-0.6777,-1.2822,71.09,53.7,0.0,31.9,75.5,49.0
99,left,-0.7683,-1.1280,86.72,58.9,0.0,63.2,54.6,49.2
100,left,-0.7683,-1.0201,86.72,58.9,0.0,72.8,45.0,49.6
101,left,-0.7656,-0.9438,90.00,60.0,0.0,82.2,37.8,49.8
102,left,-0.7656,-0.8903,90.00,60.0,0.0,89.1,30.9,50.1
103,left,0.3035,-0.5322,13.16,34.4,0.0,0.0,68.8,50.0
104,left,-0.7296,-0.5914,82.64,57.5,0.0,100.0,5.4,50.2
105,left,-0.7296,-0.6329,82.64,57.5,0.0,100.0,9.7,50.5
106,left,-0.7756,-0.6757,86.94,59.0,0.0,100.0,7.9,50.4
107,left,-0.8049,-0.7145,88.54,59.5,0.0,100.0,7.2,50.4
108,left,-0.8049,-0.7416,88.54,59.5,0.0,100.0,9.5,50.7
109,left,-0.8494,-0.7739,88.86,59.6,0.0,100.0,5.8,50.9
110,left,-0.8494,-0.7966,88.86,59.6,0.0,100.0,8.6,51.1
111,left,-1.0023,-0.8583,-67.68,52.6,0.0,100.0,0.0,50.7
112,left,-3.6546,-1.6972,-8.16,32.7,0.0,65.4,0.0,50.1
113,left,-3.6546,-2.2844,-8.16,32.7,0.0,65.4,0.0,50.4
114,left,-3.4697,-2.6400,-8.09,32.7,0.0,65.4,0.0,50.5
115,left,-2.9186,-2.7236,-8.65,32.9,0.0,65.8,0.0,50.6
116,left,-2.9186,-2.7821,-8.65,32.9,0.0,65.8,0.0,50.7
117,left,-2.4960,-2.6962,-9.64,33.2,0.0,66.4,0.0,50.8
118,left,-2.4960,-2.6362,-9.64,33.2,0.0,66.4,0.0,50.7
119,left,-2.3384,-2.5468,-10.03,33.3,0.0,66.7,0.0,50.4
120,left,-2.2482,-2.4572,-9.55,33.2,0.0,66.4,0.0,50.2
121,left,-2.2482,-2.3945,-9.55,33.2,0.0,66.4,0.0,49.9
122,left,-2.1889,-2.3328,-9.73,33.2,0.0,66.5,0.0,49.6
123,left,-2.2776,-2.3163,-8.88,33.0,0.0,65.9,0.0,49.5
124,left,-2.2776,-2.3047,-8.88,33.0,0.0,65.9,0.0,49.5
125,left,-2.2979,-2.3026,-8.64,32.9,0.0,65.8,0.0,48.0
126,left,-2.4202,-2.3379,-7.86,32.6,0.0,65.2,0.0,47.7
127,left,-2.4117,-2.3600,-7.88,32.6,0.0,65.3,0.0,47.5
128,left,-2.4117,-2.3755,-7.88,32.6,0.0,65.3,0.0,47.6
129,left,-2.3684,-2.3734,-7.96,32.7,0.0,65.3,0.0,47.4
130,left,-2.3823,-2.3761,-7.64,32.5,0.0,65.1,0.0,47.6
131,left,-2.3823,-2.3779,-7.64,32.5,0.0,65.1,0.0,47.6
132,left,-2.3711,-2.3759,-7.66,32.6,0.0,65.1,0.0,47.5
133,left,-2.1783,-2.3166,-8.25,32.8,0.0,65.5,0.0,47.6
134,left,-2.1783,-2.2751,-8.25,32.8,0.0,65.5,0.0,47.8
135,left,-2.1709,-2.2439,-8.16,32.7,0.0,65.4,0.0,47.4
136,left,-2.1091,-2.2034,-8.38,32.8,0.0,65.6,0.0,47.4
137,left,-2.1091,-2.1751,-8.38,32.8,0.0,65.6,0.0,47.3
138,left,-2.0586,-2.1401,-8.75,32.9,0.0,65.8,0.0,47.3
139,left,-1.9086,-2.0707,-9.43,33.1,0.0,66.3,0.0,47.5
140,left,-1.9086,-2.0220,-9.43,33.1,0.0,66.3,0.0,47.6
141,left,-1.9647,-2.0048,-9.20,33.1,0.0,66.1,0.0,47.4
142,left,-1.8881,-1.9698,-9.80,33.3,0.0,66.5,0.0,47.6
143,left,-1.8881,-1.9453,-9.80,33.3,0.0,66.5,0.0,47.7
144,left,-1.7751,-1.8942,-10.16,33.4,0.0,66.8,0.0,47.6
145,left,-1.9398,-1.9079,-9.55,33.2,0.0,66.4,0.0,47.8
146,left,-1.9398,-1.9175,-9.55,33.2,0.0,66.4,0.0,47.9
147,left,-1.7585,-1.8698,-10.72,33.6,0.0,67.1,0.0,47.7
148,left,-1.7588,-1.8365,-10.64,33.5,0.0,67.1,0.0,47.7
149,left,-1.7588,-1.8132,-10.64,33.5,0.0,67.1,0.0,47.8
150,left,-1.8134,-1.8133,-10.74,33.6,0.0,67.2,0.0,47.9
151,left,-1.7924,-1.8070,-11.03,33.7,0.0,67.4,0.0,48.1
152,left,-1.7924,-1.8026,-11.03,33.7,0.0,67.4,0.0,48.1
153,left,-1.8186,-1.8074,-10.91,33.6,0.0,67.3,0.0,48.0
154,left,-1.8620,-1.8238,-11.22,33.7,0.0,67.5,0.0,48.2
155,left,-1.8620,-1.8352,-11.22,33.7,0.0,67.5,0.0,48.4
156,left,-1.8359,-1.8354,-11.60,33.9,0.0,67.7,0.0,48.4
157,left,-1.9939,-1.8830,-10.61,33.5,0.0,67.1,0.0,48.7
158,left,-1.9939,-1.9163,-10.61,33.5,0.0,67.1,0.0,48.9
159,left,-2.4162,-2.0663,-8.26,32.8,0.0,65.5,0.0,49.1
160,left,-1.9154,-2.0210,-11.54,33.8,0.0,67.7,0.0,48.7
161,left,-1.9154,-1.9893,-11.54,33.8,0.0,67.7,0.0,48.7
162,left,-1.4734,-1.8345,-18.54,36.2,0.0,62.1,10.2,48.8
163,left,-1.4734,-1.7262,-18.54,36.2,0.0,68.7,3.6,49.0
164,left,-1.3310,-1.6076,-23.32,37.8,0.0,64.5,11.0,49.3
165,left,-1.1770,-1.4784,-31.69,40.6,0.0,61.5,19.6,49.6
166,left,-1.1770,-1.3880,-31.69,40.6,0.0,68.2,12.9,49.9
167,left,-1.1034,-1.3026,-39.84,43.3,0.0,70.7,15.9,50.1
168,left,-1.0566,-1.2288,-46.99,45.7,0.0,74.6,16.7,50.4
169,left,-1.0566,-1.1772,-46.99,45.7,0.0,78.9,12.5,50.7
170,left,-1.0203,-1.1301,-54.05,48.0,0.0,82.3,13.7,51.0
171,left,-1.0203,-1.0972,-54.05,48.0,0.0,85.5,10.5,51.2
172,left,-1.0277,-1.0763,-56.57,48.9,0.0,89.7,8.0,51.3
173,left,-1.0152,-1.0580,-60.24,50.1,0.0,93.0,7.2,50.5
174,left,-1.0152,-1.0452,-60.24,50.1,0.0,93.0,7.1,50.9
175,left,-1.0146,-1.0360,-66.62,52.2,0.0,97.8,6.6,51.2
176,left,-1.0146,-1.0296,-66.62,52.2,0.0,98.5,5.9,51.5
177,left,-1.0506,-1.0359,-66.48,52.2,0.0,100.0,1.4,51.4
178,left,-1.0891,-1.0518,-67.01,52.3,0.0,100.0,0.0,51.4
179,left,-1.0891,-1.0630,-67.01,52.3,0.0,100.0,0.0,51.8
180,left,-0.5845,-0.9195,48.48,46.2,0.0,42.4,49.9,52.1
181,left,-0.3839,-0.7588,31.71,40.6,0.0,33.6,47.6,51.3
182,left,-0.3839,-0.6463,31.71,40.6,0.0,35.3,45.8,51.5
183,left,-0.3625,-0.5612,30.21,40.1,0.0,38.7,41.5,51.6
184,left,-0.3625,-0.5016,30.21,40.1,0.0,43.1,37.1,51.7
185,left,-0.4555,-0.4878,37.24,42.4,0.0,57.5,27.3,51.5
186,left,-0.4239,-0.4686,34.97,41.7,0.0,54.9,28.4,51.0
187,left,-0.4239,-0.4552,34.97,41.7,0.0,55.6,27.7,50.7
188,left,-0.4104,-0.4417,33.51,41.2,0.0,54.1,28.2,50.5
189,left,-0.3779,-0.4226,30.85,40.3,0.0,50.7,29.9,50.8
190,left,-0.3779,-0.4092,30.85,40.3,0.0,51.7,28.9,51.0
191,left,-0.2834,-0.3715,25.84,38.6,0.0,42.3,35.0,51.2
192,left,-0.2834,-0.3450,25.84,38.6,0.0,44.7,32.5,51.4
193,left,-0.4098,-0.3645,33.46,41.2,0.0,59.7,22.6,51.0
194,left,-0.3522,-0.3608,29.36,39.8,0.0,51.8,27.8,51.2
195,left,-0.3522,-0.3582,29.36,39.8,0.0,52.0,27.6,51.4
196,left,-0.3138,-0.3449,27.19,39.1,0.0,47.9,30.2,51.5
197,left,-0.3138,-0.3356,27.19,39.1,0.0,48.6,29.5,51.6
198,left,-0.2773,-0.3181,25.33,38.4,0.0,45.2,31.7,51.6
199,left,-0.3726,-0.3344,30.64,40.2,0.0,56.5,23.9,51.7
200,left,-0.3726,-0.3459,30.64,40.2,0.0,55.7,24.8,51.9
201,left,-0.2967,-0.3311,26.24,38.7,0.0,47.2,30.3,51.2
202,left,-0.2611,-0.3101,24.55,38.2,0.0,43.9,32.5,51.3
203,left,-0.2611,-0.2954,24.55,38.2,0.0,44.8,31.5,51.4
204,left,-0.0614,-0.2252,17.96,36.0,0.0,27.6,44.4,51.4
205,left,-0.0614,-0.1761,17.96,36.0,0.0,31.4,40.6,51.4
206,left,-0.2082,-0.1857,22.52,37.5,0.0,45.9,29.1,51.0
207,left,-0.1872,-0.1861,21.53,37.2,0.0,43.5,30.8,51.1
208,left,-0.1872,-0.1865,21.53,37.2,0.0,43.5,30.9,51.3
209,left,-0.3227,-0.2273,27.54,39.2,0.0,57.3,21.0,50.6
210,left,-0.2357,-0.2299,23.27,37.8,0.0,46.2,29.4,50.7
211,left,-0.2357,-0.2316,23.27,37.8,0.0,46.0,29.5,50.9
212,left,-0.2299,-0.2311,23.12,37.7,0.0,45.4,30.0,50.0
213,left,-0.0424,-0.1745,17.40,35.8,0.0,28.7,42.9,50.1
214,left,-0.0424,-0.1349,17.40,35.8,0.0,31.6,40.0,50.3
215,left,-0.1888,-0.1511,21.76,37.3,0.0,46.0,28.5,50.2
216,left,-0.1614,-0.1542,20.85,37.0,0.0,42.8,31.1,50.4
217,left,-0.1614,-0.1564,20.85,37.0,0.0,42.7,31.2,50.6
218,left,-0.1238,-0.1466,19.70,36.6,0.0,39.2,33.9,50.7
219,left,-0.1238,-0.1397,19.70,36.6,0.0,39.8,33.3,50.7
220,left,0.0194,-0.0920,16.20,35.4,0.0,28.2,42.6,50.1
221,left,-0.0402,-0.0765,17.55,35.9,0.0,34.8,36.9,50.3
222,go,-0.0402,-0.0656,17.55,35.9,0.0,35.8,35.9,50.5
223,left,-0.2123,-0.1096,22.43,37.5,0.0,51.7,23.2,50.1
224,left,-0.2330,-0.1466,23.26,37.8,0.0,54.3,21.2,51.3
225,left,-0.2330,-0.1725,23.26,37.8,0.0,58.9,16.6,59.1
226,left,-0.2330,-0.1907,23.26,37.8,0.0,52.8,22.7,66.0
227,left,-0.2219,-0.2000,22.76,37.6,0.0,46.5,28.6,64.6
228,left,-0.2219,-0.2066,22.76,37.6,0.0,46.1,29.0,63.4
229,left,-0.0495,-0.1595,17.66,35.9,0.0,30.4,41.3,62.4
230,left,-0.0495,-0.1265,17.66,35.9,0.0,32.7,39.1,61.3
231,left,-0.1140,-0.1228,19.34,36.4,0.0,39.6,33.3,60.4
232,left,-0.0976,-0.1152,18.91,36.3,0.0,38.5,34.1,59.0
233,left,-0.0976,-0.1099,18.91,36.3,0.0,38.8,33.8,58.1
234,left,-0.3087,-0.1696,26.64,38.9,0.0,58.9,18.9,57.1
235,left,-0.3287,-0.2173,27.52,39.2,0.0,58.7,19.7,56.4
236,left,-0.3287,-0.2507,27.52,39.2,0.0,56.1,22.3,56.0
237,left,-0.2233,-0.2425,22.92,37.6,0.0,44.1,31.2,55.2
238,go,0.6215,0.0167,9.30,33.1,0.0,0.0,66.2,54.7
239,right,0.6215,0.1981,9.30,33.1,0.0,0.0,66.2,54.2
240,go,-0.3503,0.0336,29.08,39.7,0.0,77.5,1.9,53.7
241,go,-0.3009,-0.0667,26.48,38.8,0.0,64.5,13.2,53.3
242,left,-0.3009,-0.1370,26.48,38.8,0.0,60.2,17.4,53.1
243,left,-0.1901,-0.1529,21.97,37.3,0.0,46.2,28.4,53.1
244,left,-0.1901,-0.1641,21.97,37.3,0.0,45.1,29.5,52.9
245,right,3.1652,0.8347,3.30,31.1,0.0,0.0,62.2,52.1
246,right,3.4516,1.6198,3.08,31.0,0.0,0.0,62.1,51.8
247,right,3.4516,2.1693,3.08,31.0,0.0,0.0,62.1,51.8
248,right,-0.4015,1.3981,32.06,40.7,0.0,81.4,0.0,51.3
249,right,-0.3509,0.8734,28.94,39.6,0.0,79.3,0.0,51.5
250,right,-0.3509,0.5061,28.94,39.6,0.0,79.3,0.0,51.7
251,right,-0.3100,0.2613,26.53,38.8,0.0,77.7,0.0,51.8
252,right,-0.3100,0.0899,26.53,38.8,0.0,73.0,4.7,51.9
253,go,-0.0158,0.0582,16.65,35.5,0.0,40.7,30.4,51.3
254,right,5.3990,1.6604,2.10,30.7,0.0,0.0,61.4,51.5
255,right,5.3990,2.7820,2.10,30.7,0.0,0.0,61.4,51.6
256,right,1.5872,2.4235,5.47,31.8,0.0,33.3,30.3,51.4
257,right,-0.3764,1.5836,30.04,40.0,0.0,80.0,0.0,51.5
258,right,-0.3764,0.9956,30.04,40.0,0.0,80.0,0.0,51.7
259,right,-0.3213,0.6005,27.33,39.1,0.0,78.2,0.0,51.8
260,right,-0.3213,0.3240,27.33,39.1,0.0,78.2,0.0,51.9
261,right,0.0029,0.2276,16.30,35.4,0.0,49.9,20.9,51.6
262,right,11.4219,3.5859,1.06,30.4,0.0,0.0,60.7,51.8
263,right,11.4219,5.9367,1.06,30.4,0.0,0.0,60.7,51.9
264,right,6.5599,6.1237,1.77,30.6,0.0,0.0,61.2,51.7
265,right,-0.3984,4.1670,31.88,40.6,0.0,81.3,0.0,51.4
266,right,-0.3984,2.7974,31.88,40.6,0.0,81.3,0.0,51.6
267,right,-0.4346,1.8278,34.89,41.6,0.0,83.3,0.0,51.7
268,right,-0.4346,1.1491,34.89,41.6,0.0,83.3,0.0,51.9
269,right,-0.2195,0.7385,22.27,37.4,0.0,74.8,0.0,51.8
270,right,-0.2195,0.4511,22.27,37.4,0.0,74.8,0.0,51.6
271,right,17.5459,5.5795,0.71,30.2,0.0,0.0,60.5,51.4
272,right,11.9289,7.4843,1.02,30.3,0.0,0.0,60.7,51.2
273,right,11.9289,8.8177,1.02,30.3,0.0,0.0,60.7,51.3
274,right,-0.2210,6.1061,22.05,37.3,0.0,74.7,0.0,51.0
275,right,-0.4775,4.1310,38.01,42.7,0.0,85.3,0.0,51.1
276,right,-0.4775,2.7484,38.01,42.7,0.0,85.3,0.0,51.1
277,right,-0.4641,1.7847,37.06,42.4,0.0,84.7,0.0,50.7
278,right,6.1490,3.0940,1.84,30.6,0.0,0.0,61.2,50.9
279,right,6.1490,4.0105,1.84,30.6,0.0,0.0,61.2,51.0
280,right,28.4224,11.3340,0.44,30.1,0.0,0.0,60.3,50.9
281,right,23.9186,15.1094,0.52,30.2,0.0,0.0,60.3,51.0
282,right,23.9186,17.7522,0.52,30.2,0.0,0.0,60.3,51.2
283,right,-0.4329,12.2966,33.68,41.2,0.0,82.5,0.0,51.2
284,right,-0.4329,8.4778,33.68,41.2,0.0,82.5,0.0,51.4
285,right,-0.3138,5.8403,26.39,38.8,0.0,77.6,0.0,50.7
286,right,7.6525,6.3840,1.51,30.5,0.0,0.0,61.0,50.7
287,right,7.6525,6.7645,1.51,30.5,0.0,0.0,61.0,50.7
288,right,27.0435,12.8482,0.46,30.2,0.0,0.0,60.3,50.2
289,right,259.2700,86.7747,0.05,30.0,0.0,0.0,60.0,50.1
290,right,259.2700,138.5233,0.05,30.0,0.0,0.0,60.0,50.2
291,right,2.2560,97.6431,4.22,31.4,0.0,62.8,0.0,50.1
292,right,2.2560,69.0270,4.22,31.4,0.0,62.8,0.0,49.9
293,right,-0.3524,48.2132,28.46,39.5,0.0,79.0,0.0,50.0
294,right,9.0237,36.4563,1.30,30.4,0.0,60.9,0.0,50.0
295,right,9.0237,28.2265,1.30,30.4,0.0,60.9,0.0,49.8
296,right,44.0803,32.9827,0.29,30.1,0.0,0.0,60.2,49.4
297,right,106.4307,55.0171,0.12,30.0,0.0,0.0,60.1,49.3
298,right,106.4307,70.4412,0.12,30.0,0.0,0.0,60.1,49.2
299,right,29.5232,58.1658,0.42,30.1,0.0,60.3,0.0,48.6
300,right,1.1259,41.0538,6.70,32.2,0.0,64.5,0.0,48.4
301,right,-0.1969,28.6786,21.30,37.1,0.0,74.2,0.0,48.5
302,right,-0.1969,20.0160,21.30,37.1,0.0,74.2,0.0,48.9
303,right,32.7555,23.8378,0.38,30.1,0.0,0.0,60.3,48.8
304,right,130.9244,55.9638,0.10,30.0,0.0,0.0,60.1,48.7
305,right,130.9244,78.4520,0.10,30.0,0.0,0.0,60.1,49.1
306,right,64.7071,74.3285,0.20,30.1,0.0,0.0,60.1,49.4
307,right,64.7071,71.4421,0.20,30.1,0.0,0.0,60.1,49.5
308,right,32.9355,59.8901,0.38,30.1,0.0,60.3,0.0,49.2
309,right,1.1518,42.2686,6.60,32.2,0.0,64.4,0.0,49.4
310,right,1.1518,29.9336,6.60,32.2,0.0,64.4,0.0,49.7
311,right,6.5565,22.9205,1.73,30.6,0.0,61.2,0.0,49.2
312,right,69.4900,36.8913,0.18,30.1,0.0,0.0,60.1,49.6
313,right,69.4900,46.6709,0.18,30.1,0.0,0.0,60.1,49.5
314,right,51.4273,48.0978,0.25,30.1,0.0,0.0,60.2,49.3
315,right,151.0842,78.9937,0.08,30.0,0.0,0.0,60.1,49.6
316,right,151.0842,100.6209,0.08,30.0,0.0,0.0,60.1,49.8
317,right,30.9108,79.7078,0.40,30.1,0.0,60.3,0.0,49.9
318,right,30.9108,65.0687,0.40,30.1,0.0,60.3,0.0,50.1
319,right,18.0679,50.9685,0.67,30.2,0.0,60.4,0.0,49.9
320,right,63.6877,54.7842,0.20,30.1,0.0,0.0,60.1,50.1
321,right,63.6877,57.4553,0.20,30.1,0.0,0.0,60.1,50.3
322,right,134.7569,80.6458,0.09,30.0,0.0,0.0,60.1,50.3
323,right,66.5721,76.4237,0.19,30.1,0.0,0.0,60.1,50.3
324,right,66.5721,73.4682,0.19,30.1,0.0,0.0,60.1,50.5
325,right,60.0476,69.4420,0.21,30.1,0.0,0.0,60.1,50.4
326,right,60.0476,66.6237,0.21,30.1,0.0,0.0,60.1,50.5
327,right,23.6691,53.7373,0.52,30.2,0.0,60.3,0.0,50.4
328,right,186.8448,93.6696,0.07,30.0,0.0,0.0,60.0,50.5
329,right,186.8448,121.6221,0.07,30.0,0.0,0.0,60.0,50.6
330,right,53.6978,101.2448,0.24,30.1,0.0,60.2,0.0,50.6
331,right,56.1898,87.7283,0.23,30.1,0.0,60.2,0.0,50.7
332,right,56.1898,78.2668,0.23,30.1,0.0,0.0,60.2,50.9
333,right,67.0356,74.8974,0.19,30.1,0.0,0.0,60.1,50.3
334,right,28.1804,60.8823,0.45,30.1,0.0,60.3,0.0,49.4
335,right,28.1804,51.0717,0.45,30.1,0.0,60.3,0.0,49.6
336,right,33.8904,45.9173,0.37,30.1,0.0,0.0,60.2,49.7
337,right,33.8904,42.3092,0.37,30.1,0.0,0.0,60.2,49.9
338,right,55.1871,46.1726,0.23,30.1,0.0,0.0,60.2,49.9
339,right,55.1871,48.8769,0.23,30.1,0.0,0.0,60.2,49.1
340,right,45.4376,47.8451,0.28,30.1,0.0,0.0,60.2,49.2
341,right,45.4376,47.1228,0.28,30.1,0.0,0.0,60.2,49.4
342,right,43.1456,45.9297,0.29,30.1,0.0,0.0,60.2,49.6
343,right,43.1456,45.0945,0.29,30.1,0.0,0.0,60.2,49.7
344,right,21.6565,38.0631,0.57,30.2,0.0,60.4,0.0,49.2
345,right,28.0414,35.0566,0.45,30.1,0.0,0.0,60.3,49.4
346,right,28.0414,32.9520,0.45,30.1,0.0,0.0,60.3,49.7
347,right,16.3863,27.9823,0.75,30.3,0.0,60.5,0.0,49.4
348,right,20.5906,25.7648,0.61,30.2,0.0,0.0,60.4,49.4
349,right,20.5906,24.2125,0.61,30.2,0.0,0.0,60.4,49.3
350,right,16.8831,22.0137,0.74,30.2,0.0,0.0,60.5,49.5
351,right,18.0948,20.8380,0.69,30.2,0.0,0.0,60.5,49.7
352,right,18.0948,20.0151,0.69,30.2,0.0,0.0,60.5,49.9
353,right,13.2343,17.9809,0.92,30.3,0.0,0.0,60.6,50.1
354,right,13.2343,16.5569,0.92,30.3,0.0,0.0,60.6,50.1
355,right,17.5952,16.8684,0.70,30.2,0.0,0.0,60.5,49.7
356,right,9.2339,14.5780,1.30,30.4,0.0,43.2,17.7,49.7
357,right,9.2339,12.9748,1.30,30.4,0.0,0.0,60.9,49.6
358,right,8.2031,11.5433,1.45,30.5,0.0,0.0,61.0,49.7
359,right,10.3521,11.1859,1.17,30.4,0.0,0.0,60.8,49.9
360,right,10.3521,10.9358,1.17,30.4,0.0,0.0,60.8,50.0
361,right,9.3122,10.4487,1.29,30.4,0.0,0.0,60.9,50.0
362,right,6.1269,9.1522,1.89,30.6,0.0,25.4,35.9,50.0
363,right,6.1269,8.2446,1.89,30.6,0.0,0.0,61.3,50.2
364,right,4.8021,7.2118,2.32,30.8,0.0,29.7,31.8,50.2
365,right,4.8021,6.4889,2.32,30.8,0.0,61.5,0.0,56.1
366,right,5.0222,6.0489,2.23,30.7,0.0,61.5,0.0,62.6
367,right,5.0222,5.7409,2.23,30.7,0.0,14.6,46.9,69.1
368,right,5.0222,5.5253,2.23,30.7,0.0,0.0,61.5,74.7
369,right,5.0222,5.3743,2.23,30.7,0.0,0.0,61.5,80.2
370,right,6.9874,5.8583,1.67,30.6,0.0,0.0,61.1,84.9
371,right,6.9874,6.1970,1.67,30.6,0.0,0.0,61.1,89.3
372,right,6.9874,6.4341,1.67,30.6,0.0,0.0,61.1,93.2
373,right,6.9874,6.6001,1.67,30.6,0.0,0.0,61.1,96.8
374,right,7.2022,6.7807,1.63,30.5,0.0,0.0,61.1,99.5
375,right,7.2022,6.9072,1.63,30.5,0.0,0.0,61.1,102.5
376,right,7.2022,6.9957,1.63,30.5,0.0,0.0,61.1,105.1
377,right,7.2022,7.0576,1.63,30.5,0.0,0.0,61.1,107.6
378,right,1.1407,5.2825,6.80,32.3,0.0,64.5,0.0,102.9
379,right,1.1407,4.0400,6.80,32.3,0.0,64.5,0.0,97.5
380,right,-0.1150,2.7935,19.12,36.4,0.0,72.7,0.0,92.0
381,right,5.9342,3.7357,1.94,30.6,0.0,0.0,61.3,88.0
382,right,5.9342,4.3953,1.94,30.6,0.0,0.0,61.3,84.3
383,right,16.9325,8.1564,0.74,30.2,0.0,0.0,60.5,80.6
384,right,22.3722,12.4212,0.57,30.2,0.0,0.0,60.4,77.5
385,right,22.3722,15.4065,0.57,30.2,0.0,0.0,60.4,74.2
386,right,-0.2065,10.7226,22.47,37.5,0.0,75.0,0.0,71.6
387,right,-0.3472,7.4017,28.84,39.6,0.0,79.2,0.0,69.5
388,right,-0.3472,5.0770,28.84,39.6,0.0,79.2,0.0,67.8
389,right,1.4682,3.9944,5.80,31.9,0.0,63.9,0.0,66.1
390,right,1.4682,3.2365,5.80,31.9,0.0,63.9,0.0,64.6
391,right,20.8105,8.5087,0.60,30.2,0.0,0.0,60.4,62.6
392,right,26.8824,14.0208,0.47,30.2,0.0,0.0,60.3,61.1
393,right,26.8824,17.8793,0.47,30.2,0.0,0.0,60.3,60.1
394,right,12.1173,16.1507,1.01,30.3,0.0,0.0,60.7,58.6
395,right,0.1482,11.3500,14.03,34.7,0.0,69.4,0.0,58.0
396,right,0.1482,7.9894,14.03,34.7,0.0,69.4,0.0,57.1
397,right,0.1513,5.6380,14.01,34.7,0.0,69.3,0.0,56.0
398,right,4.9101,5.4196,2.29,30.8,0.0,0.0,61.5,55.7
399,right,4.9101,5.2668,2.29,30.8,0.0,0.0,61.5,55.4
400,right,38.3505,15.1919,0.34,30.1,0.0,0.0,60.2,54.6
401,right,37.5663,21.9042,0.34,30.1,0.0,0.0,60.2,54.3
402,right,37.5663,26.6028,0.34,30.1,0.0,0.0,60.2,54.1
403,right,9.6449,21.5155,1.25,30.4,0.0,60.8,0.0,53.9
404,right,9.6449,17.9543,1.25,30.4,0.0,60.8,0.0,53.7
405,right,3.9347,13.7484,2.76,30.9,0.0,61.8,0.0,53.3
406,right,15.2532,14.1999,0.80,30.3,0.0,0.0,60.5,53.2
407,right,15.2532,14.5159,0.80,30.3,0.0,0.0,60.5,53.1
408,right,26.2596,18.0390,0.48,30.2,0.0,0.0,60.3,52.9
409,right,58.7327,30.2471,0.22,30.1,0.0,0.0,60.1,52.9
410,right,58.7327,38.7928,0.22,30.1,0.0,0.0,60.1,52.9
411,right,18.3391,32.6567,0.68,30.2,0.0,60.5,0.0,52.8
412,right,18.3391,28.3614,0.68,30.2,0.0,44.6,15.8,52.8
413,right,12.3410,23.5553,0.99,30.3,0.0,60.7,0.0,52.5
414,right,29.7103,25.4018,0.43,30.1,0.0,0.0,60.3,52.5
415,right,29.7103,26.6943,0.43,30.1,0.0,0.0,60.3,52.5
416,right,29.2191,27.4518,0.44,30.1,0.0,0.0,60.3,52.5
417,right,29.2191,27.9820,0.44,30.1,0.0,0.0,60.3,52.4
418,right,34.9775,30.0806,0.37,30.1,0.0,0.0,60.2,52.1
419,right,18.2845,26.5418,0.68,30.2,0.0,0.0,60.5,52.2
420,right,18.2845,24.0646,0.68,30.2,0.0,0.0,60.5,52.2
421,right,19.3740,22.6574,0.64,30.2,0.0,0.0,60.4,51.5
422,right,42.0217,28.4667,0.30,30.1,0.0,0.0,60.2,51.5
423,right,42.0217,32.5332,0.30,30.1,0.0,0.0,60.2,51.7
424,right,16.5026,27.7240,0.75,30.3,0.0,60.5,0.0,51.6
425,right,16.5026,24.3576,0.75,30.3,0.0,0.0,60.5,51.5
426,right,19.3617,22.8588,0.64,30.2,0.0,0.0,60.4,51.2
427,right,25.9227,23.7780,0.49,30.2,0.0,0.0,60.3,51.1
428,right,25.9227,24.4214,0.49,30.2,0.0,0.0,60.3,51.3
429,right,25.6669,24.7951,0.49,30.2,0.0,0.0,60.3,51.3
430,right,16.0135,22.1606,0.77,30.3,0.0,0.0,60.5,51.4
431,right,16.0135,20.3165,0.77,30.3,0.0,0.0,60.5,51.6
432,right,14.1494,18.4664,0.87,30.3,0.0,0.0,60.6,51.5
433,right,14.1494,17.1713,0.87,30.3,0.0,0.0,60.6,51.5
434,right,10.5948,15.1983,1.14,30.4,0.0,0.0,60.8,50.5
435,right,8.0528,13.0547,1.46,30.5,0.0,0.0,61.0,49.6
436,right,8.0528,11.5541,1.46,30.5,0.0,0.0,61.0,49.7
437,right,7.2926,10.2757,1.61,30.5,0.0,0.0,61.1,49.3
438,right,7.8085,9.5355,1.52,30.5,0.0,0.0,61.0,49.3
439,right,7.8085,9.0174,1.52,30.5,0.0,0.0,61.0,49.6
440,right,9.2834,9.0972,1.32,30.4,0.0,0.0,60.9,49.5
441,right,7.6736,8.6701,1.54,30.5,0.0,0.0,61.0,49.8
442,right,7.6736,8.3712,1.54,30.5,0.0,0.0,61.0,50.1
443,right,8.5669,8.4299,1.40,30.5,0.0,0.0,60.9,49.7
444,right,7.7123,8.2146,1.54,30.5,0.0,0.0,61.0,50.0
445,right,7.7123,8.0639,1.54,30.5,0.0,0.0,61.0,50.3
446,right,7.8473,7.9989,1.51,30.5,0.0,0.0,61.0,50.1
447,right,10.3208,8.6955,1.17,30.4,0.0,0.0,60.8,50.3
448,right,10.3208,9.1831,1.17,30.4,0.0,0.0,60.8,50.6
449,right,8.7926,9.0659,1.36,30.5,0.0,0.0,60.9,50.7
450,right,8.7926,8.9839,1.36,30.5,0.0,0.0,60.9,50.7
451,right,7.9038,8.6599,1.50,30.5,0.0,0.0,61.0,49.5
452,right,11.2075,9.4242,1.09,30.4,0.0,0.0,60.7,49.8
453,right,11.2075,9.9592,1.09,30.4,0.0,0.0,60.7,50.1
454,right,11.5529,10.4373,1.06,30.4,0.0,0.0,60.7,49.6
455,right,14.2649,11.5856,0.86,30.3,0.0,0.0,60.6,49.6
456,right,14.2649,12.3894,0.86,30.3,0.0,0.0,60.6,49.7
457,right,12.5998,12.4525,0.97,30.3,0.0,0.0,60.6,49.3
458,right,15.2164,13.2817,0.81,30.3,0.0,0.0,60.5,49.6
459,right,15.2164,13.8621,0.81,30.3,0.0,0.0,60.5,49.8
460,right,16.5385,14.6650,0.75,30.3,0.0,0.0,60.5,49.9
461,right,19.2147,16.0299,0.65,30.2,0.0,0.0,60.4,50.1
462,right,19.2147,16.9853,0.65,30.2,0.0,0.0,60.4,50.3
463,right,19.6104,17.7729,0.64,30.2,0.0,0.0,60.4,50.5
464,right,19.6104,18.3241,0.64,30.2,0.0,0.0,60.4,50.4
465,right,19.2785,18.6104,0.65,30.2,0.0,0.0,60.4,50.0
466,right,32.3540,22.7335,0.40,30.1,0.0,0.0,60.3,50.2
467,right,32.3540,25.6197,0.40,30.1,0.0,0.0,60.3,50.3
468,right,23.2487,24.9084,0.54,30.2,0.0,0.0,60.4,49.8
469,right,27.0252,25.5434,0.47,30.2,0.0,0.0,60.3,49.5
470,right,27.0252,25.9880,0.47,30.2,0.0,0.0,60.3,49.6
471,right,24.3549,25.4981,0.52,30.2,0.0,0.0,60.3,49.3
472,right,3.0067,18.7506,3.33,31.1,0.0,62.2,0.0,49.4
473,right,3.0067,14.0274,3.33,31.1,0.0,62.2,0.0,49.8
474,right,-0.9604,9.5311,-88.82,59.6,0.0,100.0,0.0,49.7
475,right,-0.9271,6.3937,-88.59,59.5,0.0,100.0,0.0,50.1
476,right,-0.9271,4.1974,-88.59,59.5,0.0,100.0,0.0,50.3
477,right,-0.9286,2.6596,-89.83,59.9,0.0,100.0,0.0,50.4
478,right,-0.9286,1.5832,-89.83,59.9,0.0,100.0,0.0,50.5
479,right,-0.9748,0.8158,89.22,59.7,0.0,100.0,0.0,50.0
480,right,44.4137,13.8952,0.29,30.1,0.0,0.0,60.2,50.2
481,right,44.4137,23.0507,0.29,30.1,0.0,0.0,60.2,50.0
482,right,24.4478,23.4698,0.52,30.2,0.0,0.0,60.3,49.6
483,right,19.7735,22.3609,0.64,30.2,0.0,0.0,60.4,49.4
484,right,19.7735,21.5847,0.64,30.2,0.0,0.0,60.4,49.7
485,right,9.3832,17.9243,1.29,30.4,0.0,60.9,0.0,49.8
486,right,11.1680,15.8974,1.09,30.4,0.0,0.0,60.7,50.1
487,right,11.1680,14.4786,1.09,30.4,0.0,0.0,60.7,50.4
488,right,15.2329,14.7049,0.81,30.3,0.0,0.0,60.5,50.6
489,right,15.2329,14.8633,0.81,30.3,0.0,0.0,60.5,50.8
490,right,34.7889,20.8410,0.37,30.1,0.0,0.0,60.2,50.6
491,right,20.9186,20.8643,0.61,30.2,0.0,0.0,60.4,50.8
492,right,20.9186,20.8806,0.61,30.2,0.0,0.0,60.4,51.0
493,right,14.7923,19.0541,0.84,30.3,0.0,0.0,60.6,51.1
494,right,14.7923,17.7756,0.84,30.3,0.0,0.0,60.6,51.0
495,right,17.4021,17.6635,0.72,30.2,0.0,0.0,60.5,51.0
496,right,16.8833,17.4295,0.75,30.2,0.0,0.0,60.5,50.9
497,right,16.8833,17.2656,0.75,30.2,0.0,0.0,60.5,51.1
498,right,15.8053,16.8275,0.79,30.3,0.0,0.0,60.5,51.2
499,right,13.1741,15.7315,0.94,30.3,0.0,0.0,60.6,51.3
500,right,13.1741,14.9643,0.94,30.3,0.0,0.0,60.6,51.2
501,right,-0.9785,10.1814,-86.98,59.0,0.0,100.0,0.0,51.3
502,right,-0.9785,6.8335,-86.98,59.0,0.0,100.0,0.0,51.6
503,right,-0.9351,4.5029,-86.20,58.7,0.0,100.0,0.0,51.4
504,right,-0.8954,2.8834,-85.65,58.6,0.0,100.0,0.0,51.7
505,right,-0.8954,1.7498,-85.65,58.6,0.0,100.0,0.0,51.7
506,right,-0.8960,0.9561,-87.74,59.2,0.0,100.0,0.0,51.6
507,right,-0.8960,0.4004,-87.74,59.2,0.0,100.0,0.0,51.6
508,go,-0.9482,-0.0042,-88.94,61.1,1.5,100.0,0.0,51.7
509,right,32.4925,9.7449,0.39,31.5,1.4,0.0,63.0,52.0
510,right,32.4925,16.5692,0.39,31.3,1.2,0.0,62.7,52.0
511,right,14.9925,16.0962,0.84,31.4,1.1,0.0,62.7,52.3
512,right,14.9925,15.7651,0.84,31.3,1.0,0.0,62.5,59.9
513,right,14.9925,15.5333,0.84,31.2,0.9,0.0,62.3,66.8
514,right,21.4645,17.3127,0.59,31.0,0.8,0.0,62.0,71.3
515,right,21.4645,18.5582,0.59,30.9,0.7,0.0,61.8,77.0
516,right,21.4645,19.4301,0.59,30.8,0.6,0.0,61.7,82.1
517,right,21.4645,20.0404,0.59,30.8,0.6,0.0,61.6,86.1
518,right,19.5485,19.8928,0.65,30.7,0.5,0.0,61.5,90.0
519,right,19.5485,19.7896,0.65,30.7,0.5,0.0,61.4,93.4
520,right,19.5485,19.7173,0.65,30.6,0.4,0.0,61.3,96.9
521,right,8.8934,16.4701,1.37,30.8,0.4,61.7,0.0,99.9
522,right,8.8934,14.1971,1.37,30.8,0.3,61.6,0.0,102.8
523,right,8.8934,12.6060,1.37,30.8,0.3,61.5,0.0,105.3
524,right,8.8934,11.4922,1.37,30.7,0.3,29.6,31.9,103.8
525,right,15.8861,12.8104,0.79,30.5,0.3,0.0,61.0,98.7
526,right,15.8861,13.7331,0.79,30.5,0.2,0.0,61.0,94.0
527,right,28.1490,18.0579,0.46,30.4,0.2,0.0,60.7,89.8
528,right,21.5888,19.1171,0.60,30.4,0.2,0.0,60.8,86.0
529,right,21.5888,19.8586,0.60,30.4,0.2,0.0,60.7,82.7
530,right,15.9040,18.6722,0.79,30.4,0.1,0.0,60.8,79.4
531,right,22.4206,19.7968,0.57,30.3,0.1,0.0,60.6,76.8
532,right,22.4206,20.5839,0.57,30.3,0.1,0.0,60.6,74.2
533,right,18.8603,20.0668,0.68,30.3,0.1,0.0,60.7,72.1
534,right,18.8603,19.7049,0.68,30.3,0.1,0.0,60.6,70.1
535,right,0.4289,13.9221,10.43,33.6,0.1,67.1,0.0,67.8
536,right,-0.9675,9.4552,-85.95,58.7,0.1,100.0,0.0,65.6
537,right,-0.9675,6.3284,-85.95,58.7,0.1,100.0,0.0,64.3
538,right,-0.9232,4.1529,-85.24,58.5,0.1,100.0,0.0,62.7
539,right,-0.9137,2.6329,-86.03,58.7,0.1,100.0,0.0,61.4
540,right,-0.9137,1.5689,-86.03,58.7,0.1,100.0,0.0,60.3
541,right,-0.9486,0.8137,-87.77,59.3,0.0,100.0,0.0,59.4
542,right,-0.9486,0.2850,-87.77,59.3,0.0,100.0,0.0,58.3
543,right,19.8236,6.1466,0.65,30.3,0.0,0.0,60.5,57.7
544,right,20.0330,10.3125,0.64,30.2,0.0,0.0,60.5,56.8
545,right,20.0330,13.2286,0.64,30.2,0.0,0.0,60.5,55.9
546,right,20.7511,15.4854,0.62,30.2,0.0,0.0,60.5,55.3
547,right,12.2090,14.5025,1.03,30.4,0.0,0.0,60.7,55.0
548,right,12.2090,13.8144,1.03,30.4,0.0,0.0,60.7,54.8
549,right,9.3705,12.4813,1.31,30.5,0.0,0.0,60.9,54.1
550,right,10.6641,11.9361,1.16,30.4,0.0,0.0,60.8,53.7
551,right,10.6641,11.5545,1.16,30.4,0.0,0.0,60.8,53.6
552,right,13.3497,12.0931,0.94,30.3,0.0,0.0,60.7,53.2
553,right,13.3497,12.4700,0.94,30.3,0.0,0.0,60.7,53.0
554,right,23.2296,15.6979,0.55,30.2,0.0,0.0,60.4,52.5
555,right,18.8872,16.6547,0.67,30.2,0.0,0.0,60.5,52.1
556,right,18.8872,17.3244,0.67,30.2,0.0,0.0,60.5,51.9
557,right,26.6945,20.1354,0.48,30.2,0.0,0.0,60.3,51.5
558,right,-0.1879,14.0384,19.71,36.6,0.0,73.2,0.0,51.4
559,right,-0.1879,9.7706,19.71,36.6,0.0,73.2,0.0,51.6
560,right,-0.9669,6.5493,-85.74,58.6,0.0,100.0,0.0,50.6
561,right,-0.9262,4.3067,-85.07,58.4,0.0,100.0,0.0,50.7
562,right,-0.9262,2.7368,-85.07,58.4,0.0,100.0,0.0,50.8
563,right,-0.9340,1.6355,-86.16,58.7,0.0,100.0,0.0,50.6
564,right,-0.9742,0.8526,-87.56,59.2,0.0,100.0,0.0,49.7
565,right,-0.9742,0.3046,-87.56,59.2,0.0,100.0,0.0,50.0
566,right,16.5546,5.1796,0.77,30.3,0.0,0.0,60.5,50.1
567,right,16.5546,8.5921,0.77,30.3,0.0,0.0,60.5,49.6
568,right,19.0263,11.7223,0.68,30.2,0.0,0.0,60.5,49.5
569,right,16.8014,13.2460,0.76,30.3,0.0,0.0,60.5,49.6
570,right,9.8043,12.2135,1.26,30.4,0.0,0.0,60.8,49.2
571,right,9.8043,11.4908,1.26,30.4,0.0,0.0,60.8,49.1
572,right,8.1965,10.5025,1.48,30.5,0.0,0.0,61.0,48.8
573,right,9.0745,10.0741,1.36,30.5,0.0,0.0,60.9,48.4
574,right,9.0745,9.7742,1.36,30.5,0.0,0.0,60.9,48.0
575,right,12.1479,10.4863,1.05,30.3,0.0,0.0,60.7,48.4
576,right,10.1735,10.3925,1.22,30.4,0.0,0.0,60.8,48.8
577,right,10.1735,10.3268,1.22,30.4,0.0,0.0,60.8,49.1
578,right,9.6393,10.1206,1.28,30.4,0.0,0.0,60.9,49.2
579,right,13.6365,11.1753,0.92,30.3,0.0,0.0,60.6,49.3
580,right,13.6365,11.9137,0.92,30.3,0.0,0.0,60.6,49.2
581,right,-0.9873,8.0434,-84.88,58.3,0.0,100.0,0.0,49.0
582,right,-0.9873,5.3342,-84.88,58.3,0.0,100.0,0.0,49.5
583,right,-0.9467,3.4499,-84.33,58.1,0.0,100.0,0.0,49.9
584,right,-0.9051,2.1434,-83.15,57.7,0.0,100.0,0.0,49.6
585,right,-0.9051,1.2289,-83.15,57.7,0.0,100.0,0.0,50.0
586,right,-0.9039,0.5890,-84.56,58.2,0.0,100.0,0.0,50.3
587,right,-0.9500,0.1273,-87.06,59.0,0.0,100.0,0.0,50.6
588,left,-0.9500,-0.1959,-87.06,59.0,0.0,100.0,0.0,50.9
589,right,11.0104,3.1660,1.13,30.4,0.0,0.0,60.8,51.0
590,right,11.0104,5.5193,1.13,30.4,0.0,0.0,60.8,51.1
591,right,12.2802,7.5476,1.02,30.3,0.0,0.0,60.7,51.0
592,right,12.2802,8.9674,1.02,30.3,0.0,0.0,60.7,50.7
593,right,13.7902,10.4142,0.92,30.3,0.0,0.0,60.6,50.8
594,right,9.5622,10.1586,1.29,30.4,0.0,0.0,60.9,50.7
595,right,6.5054,9.0627,1.82,30.6,0.0,0.0,61.2,50.7
596,right,6.5054,8.2955,1.82,30.6,0.0,0.0,61.2,50.9
597,right,7.4021,8.0275,1.61,30.5,0.0,0.0,61.1,50.9
598,right,7.4021,7.8399,1.61,30.5,0.0,0.0,61.1,51.1
599,right,9.8081,8.4303,1.25,30.4,0.0,0.0,60.8,50.7
600,right,7.8454,8.2548,1.53,30.5,0.0,0.0,61.0,50.9
601,right,7.8454,8.1320,1.53,30.5,0.0,0.0,61.0,51.0
602,right,9.7121,8.6060,1.26,30.4,0.0,0.0,60.8,51.0
603,right,9.7121,8.9379,1.26,30.4,0.0,0.0,60.8,51.1
604,right,-1.0023,5.9558,-84.98,58.3,0.0,100.0,0.0,51.2
605,right,-0.9624,3.8804,-84.34,58.1,0.0,100.0,0.0,51.0
606,right,-0.9624,2.4275,-84.34,58.1,0.0,100.0,0.0,51.0
607,right,-0.9216,1.4228,-82.79,57.6,0.0,100.0,0.0,50.8
608,right,-0.9004,0.7258,-83.17,57.7,0.0,100.0,0.0,51.0
609,right,-0.9004,0.2379,-83.17,57.7,0.0,100.0,0.0,51.2
610,left,-0.9302,-0.1125,-85.85,58.6,0.0,100.0,0.0,51.3
611,left,-0.9302,-0.3578,-85.85,58.6,0.0,100.0,0.0,51.5
612,left,-0.9842,-0.5457,-87.66,59.2,0.0,100.0,0.0,51.4
613,right,18.2763,5.1009,0.70,30.2,0.0,0.0,60.5,51.6
614,right,18.2763,9.0535,0.70,30.2,0.0,0.0,60.5,51.7
615,right,15.1681,10.8879,0.84,30.3,0.0,0.0,60.6,51.5
616,right,11.2410,10.9938,1.11,30.4,0.0,0.0,60.7,51.3
617,right,11.2410,11.0680,1.11,30.4,0.0,0.0,60.7,51.3
618,right,3.6311,8.8369,2.99,31.0,0.0,62.0,0.0,51.4
619,right,3.6311,7.2752,2.99,31.0,0.0,62.0,0.0,51.4
620,right,2.8391,5.9443,3.66,31.2,0.0,62.4,0.0,50.5
621,right,6.2127,6.0249,1.89,30.6,0.0,0.0,61.3,50.2
622,right,6.2127,6.0812,1.89,30.6,0.0,0.0,61.3,50.2
623,right,15.9584,9.0444,0.80,30.3,0.0,0.0,60.5,50.3
624,right,14.7466,10.7550,0.86,30.3,0.0,0.0,60.6,50.2
625,right,14.7466,11.9525,0.86,30.3,0.0,0.0,60.6,50.4
626,right,4.6420,9.7594,2.45,30.8,0.0,61.6,0.0,50.6
627,right,1.1937,7.1897,6.72,32.2,0.0,64.5,0.0,50.5
628,right,1.1937,5.3909,6.72,32.2,0.0,64.5,0.0,50.1
629,right,6.1771,5.6267,1.91,30.6,0.0,0.0,61.3,49.5
630,right,10.3672,7.0489,1.19,30.4,0.0,0.0,60.8,49.7
631,right,10.3672,8.0444,1.19,30.4,0.0,0.0,60.8,49.9
632,right,13.6222,9.7177,0.93,30.3,0.0,0.0,60.6,50.2
633,right,13.6222,10.8891,0.93,30.3,0.0,0.0,60.6,50.4
634,right,4.3665,8.9323,2.58,30.9,0.0,61.7,0.0,50.1
635,right,3.9062,7.4245,2.83,30.9,0.0,61.9,0.0,49.2
636,right,7.2275,7.3654,1.65,30.6,0.0,0.0,61.1,49.4
637,right,7.2275,7.3240,1.65,30.6,0.0,0.0,61.1,49.7
638,right,9.7956,8.0655,1.26,30.4,0.0,0.0,60.8,48.5
639,right,9.7956,8.5845,1.26,30.4,0.0,0.0,60.8,48.6
640,right,10.7011,9.2195,1.16,30.4,0.0,0.0,60.8,48.6
641,right,7.5376,8.7149,1.59,30.5,0.0,0.0,61.1,48.3
642,right,4.2023,7.3611,2.65,30.9,0.0,61.8,0.0,47.4
643,right,4.2023,6.4135,2.65,30.9,0.0,0.0,61.8,46.8
644,right,7.1115,6.6229,1.68,30.6,0.0,0.0,61.1,47.1
645,right,7.5822,6.9107,1.59,30.5,0.0,0.0,61.1,47.5
646,right,7.5822,7.1122,1.59,30.5,0.0,0.0,61.1,47.6
647,right,8.7068,7.5905,1.41,30.5,0.0,0.0,60.9,47.7
648,right,8.0658,7.7331,1.50,30.5,0.0,0.0,61.0,47.9
649,right,8.0658,7.8329,1.50,30.5,0.0,0.0,61.0,47.8
650,right,7.1201,7.6191,1.68,30.6,0.0,0.0,61.1,47.7
651,right,6.8258,7.3811,1.74,30.6,0.0,0.0,61.2,47.9
652,right,6.8258,7.2145,1.74,30.6,0.0,0.0,61.2,48.1
653,right,-0.9973,4.7510,-84.06,58.0,0.0,100.0,0.0,48.0
654,right,-0.9582,3.0382,-83.62,57.9,0.0,100.0,0.0,48.6
655,right,-0.9582,1.8393,-83.62,57.9,0.0,100.0,0.0,49.1
656,right,-0.9230,1.0106,-82.09,57.4,0.0,100.0,0.0,50.1
657,right,-0.9230,0.4305,-82.09,57.4,0.0,100.0,0.0,57.9
658,go,-0.9230,0.0244,-82.09,58.9,1.5,100.0,0.0,64.4
659,left,-0.9097,-0.2558,-82.15,58.7,1.4,100.0,0.0,69.5
660,left,-0.9097,-0.4520,-82.15,58.6,1.2,100.0,0.0,75.0
661,left,-0.9097,-0.5893,-82.15,58.5,1.1,100.0,0.0,79.5
662,left,-0.9097,-0.6854,-82.15,58.4,1.0,100.0,0.0,84.7
663,left,-0.9364,-0.7607,-85.78,59.5,0.9,100.0,0.0,89.3
664,left,-0.9364,-0.8134,-85.78,59.4,0.8,100.0,0.0,93.4
665,left,-0.9364,-0.8503,-85.78,59.3,0.7,100.0,0.0,97.4
666,left,-0.9364,-0.8761,-85.78,59.2,0.6,100.0,0.0,100.4
667,left,0.3183,-0.5178,11.34,34.4,0.6,0.0,68.7,102.5
668,left,0.3183,-0.2670,11.34,34.3,0.5,0.0,68.6,105.2
669,left,0.3183,-0.0914,11.34,34.2,0.5,0.0,68.5,102.5
670,go,0.3183,0.0315,11.34,34.2,0.4,9.9,58.5,97.2
671,right,7.4859,2.2678,1.61,30.9,0.4,0.0,61.8,92.1
672,right,7.4859,3.8333,1.61,30.9,0.3,0.0,61.8,88.1
673,right,2.0238,3.2904,4.75,31.9,0.3,35.6,28.2,83.9
674,right,2.0238,2.9104,4.75,31.9,0.3,12.3,51.4,80.7
675,right,6.6190,4.0230,1.79,30.8,0.3,0.0,61.7,76.9
676,right,11.6194,6.3019,1.07,30.6,0.2,0.0,61.2,73.1
677,right,8.7496,7.0362,1.39,30.7,0.2,0.0,61.3,70.2
678,right,8.7496,7.5502,1.39,30.6,0.2,0.0,61.3,68.4
679,right,7.8676,7.6454,1.54,30.7,0.2,0.0,61.4,66.2
680,right,-0.5858,5.1761,46.26,45.6,0.1,91.1,0.0,64.8
681,right,-0.5858,3.4475,46.26,45.6,0.1,91.1,0.0,63.7
682,right,-0.9745,2.1209,-83.49,57.9,0.1,100.0,0.0,62.5
683,right,-0.9745,1.1923,-83.49,57.9,0.1,100.0,0.0,61.4
684,right,-0.9356,0.5539,-83.98,58.1,0.1,100.0,0.0,60.6
685,right,-0.9490,0.1030,-85.18,58.5,0.1,100.0,0.0,59.4
686,left,-0.9490,-0.2126,-85.18,58.5,0.1,100.0,0.0,58.9
687,left,-0.7217,-0.3653,62.48,50.9,0.1,100.0,0.0,57.5
688,right,14.6720,4.1459,0.86,30.4,0.1,0.0,60.7,57.0
689,right,14.6720,7.3037,0.86,30.3,0.1,0.0,60.7,56.6
690,right,11.0697,8.4335,1.12,30.4,0.1,0.0,60.9,55.9
691,right,11.4859,9.3492,1.09,30.4,0.0,0.0,60.8,55.3
692,right,11.4859,9.9902,1.09,30.4,0.0,0.0,60.8,55.0
693,right,5.4383,8.6247,2.14,30.8,0.0,45.6,15.9,54.5
694,right,5.4383,7.6687,2.14,30.7,0.0,0.0,61.5,54.3
695,right,1.4119,5.7917,6.08,32.1,0.0,64.1,0.0,53.7
696,right,7.3997,6.2741,1.63,30.6,0.0,0.0,61.1,53.2
697,right,7.3997,6.6118,1.63,30.6,0.0,0.0,61.1,52.8
698,right,11.1515,7.9737,1.12,30.4,0.0,0.0,60.8,51.2
699,right,7.8914,7.9490,1.53,30.5,0.0,0.0,61.1,51.0
700,right,7.8914,7.9317,1.53,30.5,0.0,0.0,61.1,51.0
701,right,5.0920,7.0798,2.25,30.8,0.0,0.1,61.4,50.0
702,right,6.6346,6.9462,1.78,30.6,0.0,0.0,61.2,50.0
703,right,8.9201,7.5384,1.36,30.5,0.0,0.0,60.9,49.9
704,right,8.9201,7.9529,1.36,30.5,0.0,0.0,60.9,50.1
705,right,7.1405,7.7092,1.67,30.6,0.0,0.0,61.1,50.3
706,right,7.1405,7.5386,1.67,30.6,0.0,0.0,61.1,50.5
707,right,-0.9984,4.9775,-84.36,58.1,0.0,100.0,0.0,49.8
708,right,-0.9533,3.1983,-83.68,57.9,0.0,100.0,0.0,50.2
709,right,-0.9533,1.9528,-83.68,57.9,0.0,100.0,0.0,50.5
710,right,-0.9073,1.0948,-83.04,57.7,0.0,100.0,0.0,50.5
711,right,-0.8962,0.4975,-84.18,58.1,0.0,100.0,0.0,50.7
712,right,-0.8962,0.0794,-84.18,58.1,0.0,100.0,0.0,51.0
713,left,-0.9320,-0.2240,-86.17,58.7,0.0,100.0,0.0,51.2
714,left,-0.9320,-0.4364,-86.17,58.7,0.0,100.0,0.0,51.6
715,left,-0.6988,-0.5151,58.67,49.6,0.0,96.7,2.4,51.6
716,right,6.5693,1.6102,1.79,30.6,0.0,0.0,61.2,51.2
717,right,6.5693,3.0979,1.79,30.6,0.0,0.0,61.2,51.3
718,right,8.6883,4.7750,1.41,30.5,0.0,0.0,60.9,51.3
719,right,8.6883,5.9490,1.41,30.5,0.0,0.0,60.9,51.2
720,right,9.7565,7.0913,1.26,30.4,0.0,0.0,60.8,51.2
721,right,3.8774,6.1271,2.85,31.0,0.0,44.7,17.2,51.2
722,right,3.8774,5.4522,2.85,31.0,0.0,7.0,54.9,51.3
723,right,1.2000,4.1765,6.67,32.2,0.0,64.4,0.0,51.3
724,right,6.6652,4.9231,1.77,30.6,0.0,0.0,61.2,51.3
725,right,6.6652,5.4457,1.77,30.6,0.0,0.0,61.2,51.3
726,right,7.5538,6.0781,1.59,30.5,0.0,0.0,61.1,51.3
727,right,7.5538,6.5208,1.59,30.5,0.0,0.0,61.1,51.3
728,right,7.4752,6.8072,1.61,30.5,0.0,0.0,61.1,50.5
729,right,6.0632,6.5840,1.94,30.6,0.0,0.0,61.3,50.6
730,right,6.0632,6.4278,1.94,30.6,0.0,0.0,61.3,50.6
731,right,5.9612,6.2878,1.96,30.7,0.0,0.0,61.3,50.2
732,right,0.0315,4.4109,15.53,35.2,0.0,70.4,0.0,50.3
733,right,0.0315,3.0971,15.53,35.2,0.0,70.4,0.0,50.6
734,right,-1.0521,1.8523,-71.85,54.0,0.0,100.0,0.0,50.8
735,right,-1.0521,0.9810,-71.85,54.0,0.0,100.0,0.0,50.9
736,right,-0.9903,0.3896,-72.27,54.1,0.0,100.0,0.0,51.2
737,go,-0.9816,-0.0217,-71.95,54.0,0.0,100.0,0.0,51.4
738,left,-0.9816,-0.3097,-71.95,54.0,0.0,100.0,0.0,51.7
739,left,-0.9979,-0.5162,-73.39,54.5,0.0,100.0,0.0,51.7
740,left,-1.0331,-0.6712,-77.06,55.7,0.0,100.0,0.0,51.9
741,left,-1.0331,-0.7798,-77.06,55.7,0.0,100.0,0.0,52.3
742,right,4.2975,0.7434,2.60,30.9,0.0,0.0,61.7,52.5
743,right,4.2975,1.8096,2.60,30.9,0.0,0.0,61.7,52.5
744,right,5.3521,2.8724,2.16,30.7,0.0,0.0,61.4,52.2
745,right,7.4820,4.2553,1.61,30.5,0.0,0.0,61.1,52.2
746,right,7.4820,5.2233,1.61,30.5,0.0,0.0,61.1,52.2
747,right,2.9710,4.5476,3.54,31.2,0.0,35.9,26.4,52.2
748,right,2.9710,4.0746,3.54,31.2,0.0,9.9,52.4,52.2
749,right,0.4546,2.9886,10.73,33.6,0.0,67.2,0.0,52.2
750,right,4.1212,3.3284,2.71,30.9,0.0,0.0,61.8,52.2
751,right,4.1212,3.5662,2.71,30.9,0.0,0.0,61.8,52.0
752,right,2.6310,3.2857,3.86,31.3,0.0,0.0,62.6,51.1
753,right,0.4747,2.4424,10.44,33.5,0.0,67.0,0.0,50.6
754,right,0.4747,1.8521,10.44,33.5,0.0,67.0,0.0,50.7
755,right,-0.6557,1.0997,53.69,47.9,0.0,95.8,0.0,50.8
756,right,-0.6557,0.5731,53.69,47.9,0.0,95.8,0.0,50.8
757,right,-1.0363,0.0903,-74.07,54.7,0.0,100.0,0.0,50.5
758,left,-1.0517,-0.2523,-72.45,54.2,0.0,100.0,0.0,50.8
759,left,-1.0517,-0.4921,-72.45,54.2,0.0,100.0,0.0,51.2
760,left,-1.0794,-0.6683,-73.25,54.4,0.0,100.0,0.0,51.4
761,right,5.4863,1.1781,2.12,30.7,0.0,0.0,61.4,51.5
762,right,5.4863,2.4706,2.12,30.7,0.0,0.0,61.4,51.5
763,right,6.6472,3.7236,1.80,30.6,0.0,0.0,61.2,51.5
764,right,6.6472,4.6007,1.80,30.6,0.0,0.0,61.2,51.6
765,right,4.8064,4.6624,2.37,30.8,0.0,0.0,61.6,50.5
766,right,1.0171,3.5688,7.38,32.5,0.0,64.9,0.0,50.1
767,right,0.4717,2.6397,10.53,33.5,0.0,67.0,0.0,50.1
768,right,0.4717,1.9893,10.53,33.5,0.0,67.0,0.0,50.2
769,right,2.0998,2.0224,4.59,31.5,0.0,0.0,63.1,50.4
770,right,2.0998,2.0456,4.59,31.5,0.0,0.0,63.1,50.6
771,right,6.4073,3.3542,1.85,30.6,0.0,0.0,61.2,50.2
772,right,5.6946,4.0563,2.08,30.7,0.0,0.0,61.4,50.4
773,right,5.6946,4.5478,2.08,30.7,0.0,0.0,61.4,50.6
774,right,1.3357,3.5842,6.34,32.1,0.0,64.2,0.0,50.6
775,right,1.3357,2.9096,6.34,32.1,0.0,64.2,0.0,50.7
776,right,0.4945,2.1851,10.46,33.5,0.0,67.0,0.0,50.9
777,right,-0.6404,1.3374,52.14,47.4,0.0,94.8,0.0,51.0
778,right,-0.6404,0.7441,52.14,47.4,0.0,94.8,0.0,51.3
779,right,-1.0557,0.2041,-74.10,54.7,0.0,100.0,0.0,51.4
780,right,0.0270,0.1510,15.44,35.1,0.0,39.8,30.5,50.5
781,right,0.0270,0.1138,15.44,35.1,0.0,39.9,30.4,50.8
782,right,3.7768,1.2127,2.91,31.0,0.0,0.0,61.9,51.0
783,right,3.7768,1.9819,2.91,31.0,0.0,0.0,61.9,51.1
784,right,5.2096,2.9503,2.21,30.7,0.0,0.0,61.5,51.1
785,right,1.0707,2.3864,7.14,32.4,0.0,64.8,0.0,51.3
786,right,1.0707,1.9917,7.14,32.4,0.0,55.1,9.7,51.4
787,right,0.4534,1.5302,10.68,33.6,0.0,67.1,0.0,51.3
788,right,1.8775,1.6344,4.97,31.7,0.0,0.0,63.3,51.3
789,right,1.8775,1.7073,4.97,31.7,0.0,0.0,63.3,51.4
790,right,3.7992,2.3349,2.89,31.0,0.0,0.0,61.9,51.4
791,right,3.7992,2.7742,2.89,31.0,0.0,0.0,61.9,51.5
792,right,4.4406,3.2741,2.54,30.8,0.0,0.0,61.7,50.8
793,right,0.7139,2.5061,8.86,33.0,0.0,65.9,0.0,50.9
794,right,0.7139,1.9684,8.86,33.0,0.0,65.9,0.0,51.1
795,right,0.6026,1.5587,9.58,33.2,0.0,66.4,0.0,51.0
796,right,-0.4865,0.9451,36.26,42.1,0.0,84.2,0.0,51.1
797,right,-0.4865,0.5156,36.26,42.1,0.0,84.2,0.0,51.3
798,right,-0.2391,0.2892,21.78,37.3,0.0,74.5,0.0,51.4
799,right,-0.2391,0.1307,21.78,37.3,0.0,67.2,7.3,51.6
800,right,5.3569,1.6986,2.15,30.7,0.0,0.0,61.4,51.2
801,right,5.4663,2.8289,2.12,30.7,0.0,0.0,61.4,51.4
802,right,5.4663,3.6201,2.12,30.7,0.0,0.0,61.4,51.5
803,right,3.8800,3.6981,2.83,30.9,0.0,0.0,61.9,51.4
804,right,3.8800,3.7527,2.83,30.9,0.0,0.0,61.9,51.0
805,right,0.8348,2.8773,8.15,32.7,0.0,65.4,0.0,51.1
806,right,0.7360,2.2349,8.75,32.9,0.0,65.8,0.0,50.6
807,right,0.7360,1.7852,8.75,32.9,0.0,65.8,0.0,50.6
808,right,0.8582,1.5071,8.05,32.7,0.0,45.4,20.0,50.8
809,right,3.6984,2.1645,2.94,31.0,0.0,0.0,62.0,50.7
810,right,3.6984,2.6247,2.94,31.0,0.0,0.0,62.0,50.8
811,right,5.4070,3.4594,2.15,30.7,0.0,0.0,61.4,50.4
812,right,3.0671,3.3417,3.43,31.1,0.0,0.0,62.3,50.4
813,right,3.0671,3.2593,3.43,31.1,0.0,0.0,62.3,51.2
814,right,-0.0722,2.2599,18.82,36.3,0.0,72.5,0.0,57.8
815,right,-0.0722,1.5602,18.82,36.3,0.0,72.5,0.0,64.8
816,right,-0.0722,1.0705,18.82,36.3,0.0,72.5,0.0,71.2
817,right,-0.0722,0.7277,18.82,36.3,0.0,72.5,0.0,76.8
818,right,-0.1343,0.4691,20.42,36.8,0.0,73.6,0.0,81.8
819,right,-0.1343,0.2881,20.42,36.8,0.0,73.6,0.0,86.5
820,right,-0.1343,0.1614,20.42,36.8,0.0,73.6,0.0,90.6
821,right,-0.1343,0.0727,20.42,36.8,0.0,73.6,0.0,94.4
822,go,-0.2618,-0.0277,23.53,37.8,0.0,75.7,0.0,97.7
823,left,-0.2618,-0.0979,23.53,37.8,0.0,75.7,0.0,100.8
824,left,-0.2618,-0.1471,23.53,37.8,0.0,71.7,3.9,103.8
825,left,-0.2618,-0.1815,23.53,37.8,0.0,64.0,11.7,106.1
826,right,5.1205,1.4091,2.23,30.7,0.0,0.0,61.5,105.1
827,right,5.1205,2.5225,2.23,30.7,0.0,0.0,61.5,99.9
828,right,5.9830,3.5607,1.96,30.7,0.0,0.0,61.3,95.1
829,right,5.9830,4.2874,1.96,30.7,0.0,0.0,61.3,90.8
830,right,0.8208,3.2474,8.30,32.8,0.0,65.5,0.0,86.4
831,right,-0.0223,2.2665,17.59,35.9,0.0,71.7,0.0,83.0
832,right,-0.0223,1.5798,17.59,35.9,0.0,71.7,0.0,80.0
833,right,-0.0780,1.0825,18.85,36.3,0.0,72.6,0.0,77.2
834,right,-0.0780,0.7343,18.85,36.3,0.0,72.6,0.0,74.7
835,right,2.7115,1.3275,3.79,31.3,0.0,0.0,62.5,72.2
836,right,3.9428,2.1121,2.79,30.9,0.0,0.0,61.9,70.1
837,right,3.9428,2.6613,2.79,30.9,0.0,0.0,61.9,68.4
838,right,2.7481,2.6873,3.74,31.2,0.0,0.0,62.5,66.2
839,right,0.4070,2.0032,11.09,33.7,0.0,67.4,0.0,64.8
840,right,0.4070,1.5244,11.09,33.7,0.0,67.4,0.0,63.6
841,right,-0.0815,1.0426,18.73,36.2,0.0,72.5,0.0,62.5
842,right,-0.0815,0.7054,18.73,36.2,0.0,72.5,0.0,60.9
843,right,0.3261,0.5916,11.84,33.9,0.0,35.4,32.5,58.8
844,right,6.2533,2.2901,1.88,30.6,0.0,0.0,61.3,57.7
845,right,6.2533,3.4791,1.88,30.6,0.0,0.0,61.3,56.8
846,right,4.8725,3.8971,2.34,30.8,0.0,0.0,61.6,55.2
847,right,0.9545,3.0143,7.61,32.5,0.0,65.1,0.0,53.9
848,right,0.3176,2.2053,12.03,34.0,0.0,68.0,0.0,52.9
849,right,0.2356,1.6144,13.01,34.3,0.0,68.7,0.0,52.3
850,right,0.2356,1.2007,13.01,34.3,0.0,68.7,0.0,52.2
851,right,0.9796,1.1344,7.47,32.5,0.0,11.1,53.9,51.6
852,right,4.0043,1.9954,2.75,30.9,0.0,0.0,61.8,51.1
853,right,4.0043,2.5980,2.75,30.9,0.0,0.0,61.8,51.1
854,right,1.9582,2.4061,4.81,31.6,0.0,0.6,62.6,51.1
855,right,1.9582,2.2717,4.81,31.6,0.0,0.0,63.2,51.0
856,right,0.3355,1.6908,11.81,33.9,0.0,67.9,0.0,50.3
857,right,0.3084,1.2761,12.11,34.0,0.0,68.1,0.0,49.8
858,right,0.3241,0.9905,11.94,34.0,0.0,57.7,10.2,49.5
859,right,0.3241,0.7906,11.94,34.0,0.0,47.8,20.1,49.3
860,right,1.1146,0.8878,6.92,32.3,0.0,0.0,64.6,49.2
861,right,1.6124,1.1052,5.50,31.8,0.0,0.0,63.7,49.3
862,right,1.6124,1.2573,5.50,31.8,0.0,0.0,63.7,49.5
863,right,0.7875,1.1164,8.41,32.8,0.0,28.7,36.9,49.7
864,right,0.7875,1.0177,8.41,32.8,0.0,20.8,44.8,49.8
865,right,0.3461,0.8162,11.67,33.9,0.0,46.5,21.3,49.2
866,right,0.6521,0.7670,9.23,33.1,0.0,20.0,46.2,49.0
867,right,0.6521,0.7325,9.23,33.1,0.0,17.6,48.6,49.2
868,right,0.9298,0.7917,7.70,32.6,0.0,0.0,65.1,49.0
869,right,0.2948,0.6426,12.20,34.1,0.0,45.9,22.2,49.1
870,right,0.2948,0.5383,12.20,34.1,0.0,38.3,29.8,49.3
871,right,0.7711,0.6081,8.49,32.8,0.0,0.6,65.0,49.3
872,right,0.1077,0.4580,14.67,34.9,0.0,52.5,17.3,49.5
873,right,0.1077,0.3529,14.67,34.9,0.0,46.0,23.8,49.6
874,right,0.6470,0.4412,9.21,33.1,0.0,2.3,63.9,49.6
875,right,0.6470,0.5029,9.21,33.1,0.0,5.6,60.5,49.9
876,right,-0.3836,0.2370,29.89,40.0,0.0,79.9,0.0,50.0
877,right,0.0365,0.1768,15.73,35.2,0.0,42.4,28.1,50.0
878,right,0.0365,0.1347,15.73,35.2,0.0,38.6,31.9,50.2
879,left,-0.6700,-0.1067,55.35,48.4,0.0,96.9,0.0,49.5
880,left,-1.0013,-0.3751,-82.83,57.6,0.0,100.0,0.0,49.8
881,left,-1.0013,-0.5629,-82.83,57.6,0.0,100.0,0.0,50.2
882,left,-0.6557,-0.5908,53.33,47.8,0.0,81.7,13.9,50.4
883,left,0.1786,-0.3599,13.54,34.5,0.0,0.0,69.0,50.6
884,left,0.1786,-0.1984,13.54,34.5,0.0,5.4,63.6,50.6
885,right,1.6330,0.3510,5.46,31.8,0.0,0.0,63.6,50.8
886,right,1.6330,0.7356,5.46,31.8,0.0,0.0,63.6,50.8
887,right,0.6634,0.7140,9.10,33.0,0.0,16.3,49.7,50.6
888,right,0.1461,0.5436,14.12,34.7,0.0,55.2,14.2,50.9
889,right,0.1461,0.4243,14.12,34.7,0.0,46.9,22.5,50.9
890,right,0.3227,0.3939,11.83,33.9,0.0,28.4,39.5,51.0
891,right,0.4212,0.4021,10.91,33.6,0.0,19.8,47.5,51.0
892,right,0.4212,0.4078,10.91,33.6,0.0,20.1,47.2,51.2
893,right,1.6396,0.7774,5.42,31.8,0.0,0.0,63.6,51.4
894,right,1.6396,1.0360,5.42,31.8,0.0,0.0,63.6,51.3
895,right,0.7866,0.9612,8.38,32.8,0.0,19.7,45.9,50.9
896,right,0.7225,0.8896,8.77,32.9,0.0,21.0,44.9,51.1
897,right,0.7225,0.8395,8.77,32.9,0.0,18.5,47.3,51.1
898,right,0.4824,0.7324,10.43,33.5,0.0,34.1,32.9,51.3
899,right,0.4824,0.6574,10.43,33.5,0.0,28.6,38.3,51.2
900,right,0.1756,0.5128,13.61,34.5,0.0,49.8,19.3,51.2
901,right,0.4229,0.4859,10.91,33.6,0.0,24.4,42.9,51.1
902,right,0.4229,0.4670,10.91,33.6,0.0,23.2,44.0,51.0
903,right,0.7656,0.5566,8.56,32.9,0.0,0.0,65.7,51.0
904,right,0.7615,0.6181,8.58,32.9,0.0,3.5,62.2,50.6
905,right,0.7615,0.6611,8.58,32.9,0.0,7.4,58.3,49.5
906,right,0.7953,0.7014,8.38,32.8,0.0,4.2,61.4,48.7
907,right,0.9336,0.7710,7.69,32.6,0.0,0.0,65.1,48.9
908,right,0.9336,0.8198,7.69,32.6,0.0,0.0,65.1,49.0
909,right,0.7923,0.8116,8.41,32.8,0.0,10.4,55.2,48.8
910,right,0.8439,0.8213,8.13,32.7,0.0,6.5,58.9,49.1
911,right,0.8439,0.8281,8.13,32.7,0.0,7.1,58.4,49.2
912,right,0.7600,0.8077,8.57,32.9,0.0,13.2,52.5,49.3
913,right,0.8485,0.8199,8.10,32.7,0.0,6.1,59.4,49.6
914,right,0.8485,0.8285,8.10,32.7,0.0,6.7,58.7,49.7
915,right,0.8264,0.8279,8.15,32.7,0.0,8.5,57.0,49.8
916,right,0.8762,0.8423,7.89,32.6,0.0,5.0,60.2,49.8
917,right,0.8762,0.8525,7.89,32.6,0.0,5.5,59.7,50.1
918,right,0.5276,0.7550,9.93,33.3,0.0,30.1,36.5,50.0
919,right,0.5276,0.6868,9.93,33.3,0.0,26.4,40.3,50.1
920,right,0.5526,0.6465,9.74,33.2,0.0,22.4,44.1,50.3
921,right,0.8076,0.6948,8.20,32.7,0.0,2.7,62.8,50.5
922,right,0.8076,0.7287,8.20,32.7,0.0,4.4,61.1,50.5
923,right,0.9923,0.8077,7.34,32.4,0.0,0.0,64.9,50.6
924,right,0.5685,0.7360,9.68,33.2,0.0,26.4,40.1,50.5
925,right,0.5685,0.6857,9.68,33.2,0.0,23.3,43.2,50.8
926,right,0.3285,0.5786,11.66,33.9,0.0,39.3,28.5,50.9
927,right,0.3285,0.5035,11.66,33.9,0.0,32.8,35.0,51.1
928,right,0.7218,0.5690,8.66,32.9,0.0,2.5,63.3,50.7
929,right,1.9474,0.9825,4.77,31.6,0.0,0.0,63.2,50.9
930,right,1.9474,1.2720,4.77,31.6,0.0,0.0,63.2,51.0
931,right,0.7604,1.1185,8.42,32.8,0.0,31.0,34.7,51.0
932,right,0.7604,1.0111,8.42,32.8,0.0,25.3,40.3,51.2
933,right,0.6404,0.8999,9.12,33.0,0.0,29.4,36.7,51.3
934,right,0.7561,0.8568,8.42,32.8,0.0,16.0,49.6,51.2
935,right,0.7561,0.8266,8.42,32.8,0.0,14.4,51.2,51.3
936,right,0.7354,0.7992,8.55,32.9,0.0,14.9,50.9,51.2
937,right,0.6143,0.7437,9.30,33.1,0.0,22.1,44.1,51.1
938,right,0.6143,0.7049,9.30,33.1,0.0,20.1,46.1,51.2
939,right,0.4645,0.6328,10.45,33.5,0.0,29.1,37.8,51.1
940,right,0.6615,0.6414,9.03,33.0,0.0,12.3,53.7,50.9
941,right,0.6615,0.6474,9.03,33.0,0.0,12.6,53.4,50.8
942,right,0.5941,0.6314,9.47,33.2,0.0,17.5,48.8,50.7
943,right,0.5941,0.6202,9.47,33.2,0.0,16.8,49.5,50.9
944,right,0.4638,0.5733,10.46,33.5,0.0,25.9,41.0,50.5
945,right,0.6046,0.5827,9.38,33.1,0.0,13.8,52.5,50.7
946,right,0.6046,0.5893,9.38,33.1,0.0,14.2,52.1,50.9
947,right,0.6007,0.5927,9.38,33.1,0.0,14.8,51.5,51.0
948,right,1.9096,0.9878,4.82,31.6,0.0,0.0,63.2,51.0
949,right,1.9096,1.2643,4.82,31.6,0.0,0.0,63.2,51.0
950,right,0.5960,1.0638,9.42,33.1,0.0,40.5,25.8,50.5
951,right,0.5960,0.9235,9.42,33.1,0.0,31.7,34.6,50.6
952,right,0.6047,0.8278,9.31,33.1,0.0,28.4,37.8,50.3
953,right,0.8302,0.8286,8.01,32.7,0.0,8.2,57.2,50.6
954,right,0.8302,0.8291,8.01,32.7,0.0,8.2,57.2,50.8
955,right,2.2638,1.2595,4.26,31.4,0.0,0.0,62.8,50.8
956,right,0.8802,1.1457,7.80,32.6,0.0,21.8,43.4,50.8
957,right,0.8802,1.0660,7.80,32.6,0.0,17.2,48.0,51.0
958,right,0.7900,0.9832,8.26,32.8,0.0,21.0,44.5,51.0
959,right,0.7900,0.9253,8.26,32.8,0.0,16.2,49.3,51.2
960,right,0.6185,0.8332,9.16,33.1,0.0,25.4,40.8,50.3
961,right,1.7318,1.1028,5.16,31.7,0.0,0.0,63.4,49.6
962,right,1.5143,1.2263,5.63,31.9,0.0,0.0,63.8,49.5
963,right,1.5143,1.3127,5.63,31.9,0.0,0.0,63.8,49.8
964,right,0.4774,1.0621,10.17,33.4,0.0,44.9,21.8,49.3
965,right,0.6525,0.9392,8.94,33.0,0.0,29.4,36.6,49.1
966,right,0.6525,0.8532,8.94,33.0,0.0,25.3,40.7,49.5
967,right,1.5234,1.0542,5.60,31.9,0.0,0.0,63.7,49.5
968,right,1.5234,1.1950,5.60,31.9,0.0,0.0,63.7,49.6
969,right,3.8769,1.9995,2.78,30.9,0.0,0.0,61.9,49.4
970,right,1.6256,1.8874,5.37,31.8,0.0,0.0,63.6,49.0
971,right,1.6256,1.8088,5.37,31.8,0.0,0.0,63.6,48.7
972,right,2.2908,1.9534,4.20,31.4,0.0,0.0,62.8,48.8
973,right,3.6359,2.4582,2.91,31.0,0.0,0.0,61.9,48.7
974,right,3.6359,2.8115,2.91,31.0,0.0,0.0,61.9,49.1
975,right,2.3529,2.6739,4.11,31.4,0.0,0.0,62.7,48.9
976,right,3.9452,3.0553,2.74,30.9,0.0,0.0,61.8,48.7
977,right,3.9452,3.3223,2.74,30.9,0.0,0.0,61.8,48.2
978,right,4.5285,3.6842,2.42,30.8,0.0,0.0,61.6,48.6
979,right,5.0524,4.0946,2.21,30.7,0.0,0.0,61.5,48.5
980,right,5.0524,4.3820,2.21,30.7,0.0,0.0,61.5,49.0
981,right,6.0868,4.8934,1.87,30.6,0.0,0.0,61.2,48.9
982,right,6.2063,5.2873,1.83,30.6,0.0,0.0,61.2,49.3
983,right,6.2063,5.5630,1.83,30.6,0.0,0.0,61.2,49.6
984,right,6.8594,5.9519,1.67,30.6,0.0,0.0,61.1,49.7
985,right,6.8594,6.2242,1.67,30.6,0.0,0.0,61.1,49.8
986,right,6.3067,6.2489,1.81,30.6,0.0,0.0,61.2,50.0
987,right,6.9188,6.4499,1.66,30.6,0.0,0.0,61.1,50.3
988,right,6.9188,6.5906,1.66,30.6,0.0,0.0,61.1,50.5
989,right,7.6441,6.9066,1.52,30.5,0.0,0.0,61.0,50.6
990,right,7.8541,7.1909,1.48,30.5,0.0,0.0,61.0,50.7
991,right,7.8541,7.3899,1.48,30.5,0.0,0.0,61.0,50.9
992,right,9.3807,7.9871,1.26,30.4,0.0,0.0,60.8,51.1
993,right,9.3807,8.4052,1.26,30.4,0.0,0.0,60.8,51.3
994,right,6.4479,7.8180,1.77,30.6,0.0,0.0,61.2,50.9
995,right,8.3262,7.9705,1.40,30.5,0.0,0.0,60.9,50.8
996,right,8.3262,8.0772,1.40,30.5,0.0,0.0,60.9,51.1
997,right,10.4615,8.7925,1.14,30.4,0.0,0.0,60.8,51.2
998,right,10.4615,9.2932,1.14,30.4,0.0,0.0,60.8,51.2
999,right,6.1506,8.3504,1.84,30.6,0.0,0.0,61.2,51.2
1000,right,10.0372,8.8564,1.18,30.4,0.0,0.0,60.8,51.3
1001,right,10.0372,9.2106,1.18,30.4,0.0,0.0,60.8,51.4
1002,right,9.6540,9.3436,1.23,30.4,0.0,0.0,60.8,51.1
1003,right,10.2161,9.6054,1.16,30.4,0.0,0.0,60.8,51.1
1004,right,10.2161,9.7886,1.16,30.4,0.0,0.0,60.8,51.1
1005,right,7.3633,9.0610,1.57,30.5,0.0,0.0,61.0,51.2
1006,right,7.3633,8.5517,1.57,30.5,0.0,0.0,61.0,51.3
1007,right,7.7154,8.3008,1.51,30.5,0.0,0.0,61.0,51.2
1008,right,5.5356,7.4712,2.02,30.7,0.0,0.0,61.3,51.2
1009,right,5.5356,6.8906,2.02,30.7,0.0,0.0,61.3,51.3
1010,right,5.3584,6.4309,2.08,30.7,0.0,0.0,61.4,51.1
1011,right,6.2185,6.3672,1.84,30.6,0.0,0.0,61.2,51.3
1012,right,6.2185,6.3226,1.84,30.6,0.0,0.0,61.2,51.4
1013,right,6.1874,6.2820,1.84,30.6,0.0,0.0,61.2,51.5
1014,right,6.1874,6.2536,1.84,30.6,0.0,0.0,61.2,51.6
1015,right,8.8698,7.0385,1.33,30.4,0.0,0.0,60.9,51.1
1016,right,6.6337,6.9171,1.73,30.6,0.0,0.0,61.2,51.2
1017,right,6.6337,6.8321,1.73,30.6,0.0,0.0,61.2,51.3
1018,right,9.7462,7.7063,1.22,30.4,0.0,0.0,60.8,51.3
1019,right,11.0986,8.7240,1.08,30.4,0.0,0.0,60.7,51.4
1020,right,11.0986,9.4364,1.08,30.4,0.0,0.0,60.7,51.5
1021,right,9.2257,9.3732,1.28,30.4,0.0,0.0,60.9,51.5
1022,right,9.2257,9.3289,1.28,30.4,0.0,0.0,60.9,51.6
1023,right,13.1230,10.4672,0.92,30.3,0.0,0.0,60.6,51.5
1024,right,9.9498,10.3120,1.20,30.4,0.0,0.0,60.8,51.3
1025,right,9.9498,10.2033,1.20,30.4,0.0,0.0,60.8,51.2
1026,right,13.1247,11.0797,0.93,30.3,0.0,0.0,60.6,51.3
1027,right,13.1247,11.6932,0.93,30.3,0.0,0.0,60.6,51.3
1028,right,14.7354,12.6059,0.83,30.3,0.0,0.0,60.6,51.4
1029,right,20.9596,15.1120,0.60,30.2,0.0,0.0,60.4,51.5
1030,right,20.9596,16.8663,0.60,30.2,0.0,0.0,60.4,51.5
1031,right,17.0659,16.9262,0.72,30.2,0.0,0.0,60.5,51.2
1032,right,15.8011,16.5887,0.78,30.3,0.0,0.0,60.5,51.0
1033,right,15.8011,16.3524,0.78,30.3,0.0,0.0,60.5,51.1
1034,right,2.3386,12.1483,4.09,31.4,0.0,62.7,0.0,51.3
1035,right,2.3386,9.2054,4.09,31.4,0.0,62.7,0.0,51.4
1036,right,-0.9472,6.1596,89.57,59.9,0.0,100.0,0.0,51.4
1037,right,-0.9093,4.0389,-89.95,60.0,0.0,100.0,0.0,51.7
1038,right,-0.9093,2.5545,-89.95,60.0,0.0,100.0,0.0,52.0
1039,right,-0.9025,1.5174,89.08,59.7,0.0,100.0,0.0,52.2
1040,right,-0.9025,0.7914,89.08,59.7,0.0,100.0,0.0,52.4
1041,right,-0.9452,0.2704,88.20,59.4,0.0,100.0,0.0,52.2
1042,right,22.2832,6.8743,0.57,30.2,0.0,0.0,60.4,52.3
1043,right,22.2832,11.4970,0.57,30.2,0.0,0.0,60.4,52.2
1044,right,24.6643,15.4472,0.51,30.2,0.0,0.0,60.3,52.2
1045,right,24.6643,18.2123,0.51,30.2,0.0,0.0,60.3,52.1
1046,right,18.2042,18.2099,0.68,30.2,0.0,0.0,60.5,52.1
1047,right,11.7271,16.2650,1.03,30.3,0.0,0.0,60.7,52.1
1048,right,11.7271,14.9037,1.03,30.3,0.0,0.0,60.7,52.2
1049,right,16.7341,15.4528,0.73,30.2,0.0,0.0,60.5,52.1
1050,right,14.2059,15.0787,0.86,30.3,0.0,0.0,60.6,52.0
1051,right,14.2059,14.8168,0.86,30.3,0.0,0.0,60.6,51.9
1052,right,15.2172,14.9369,0.81,30.3,0.0,0.0,60.5,51.9
1053,right,15.2172,15.0210,0.81,30.3,0.0,0.0,60.5,51.9
1054,right,15.7028,15.2255,0.79,30.3,0.0,0.0,60.5,51.2
1055,right,15.3569,15.2650,0.81,30.3,0.0,0.0,60.5,51.2
1056,right,15.3569,15.2925,0.81,30.3,0.0,0.0,60.5,51.3
1057,right,17.9219,16.0814,0.70,30.2,0.0,0.0,60.5,50.2
1058,right,10.1877,14.3133,1.18,30.4,0.0,0.0,60.8,50.2
1059,right,10.1877,13.0756,1.18,30.4,0.0,0.0,60.8,49.9
1060,right,-0.9623,8.8642,-88.56,59.5,0.0,100.0,0.0,49.8
1061,right,-0.9187,5.9294,-88.24,59.4,0.0,100.0,0.0,50.2
1062,right,-0.9187,3.8750,-88.24,59.4,0.0,100.0,0.0,49.8
1063,right,-0.8819,2.4479,-87.49,59.2,0.0,100.0,0.0,49.6
1064,right,-0.8682,1.4531,-88.70,59.6,0.0,100.0,0.0,50.0
1065,right,-0.8682,0.7567,-88.70,59.6,0.0,100.0,0.0,50.2
1066,right,-0.9153,0.2551,89.94,60.0,0.0,100.0,0.0,50.5
1067,left,-0.9153,-0.0960,89.94,60.0,0.0,100.0,0.0,50.7
1068,right,12.5561,3.6996,0.97,30.3,0.0,0.0,60.6,50.8
1069,right,20.1056,8.6214,0.63,30.2,0.0,0.0,60.4,50.9
1070,right,20.1056,12.0667,0.63,30.2,0.0,0.0,60.4,50.8
1071,right,22.3991,15.1664,0.56,30.2,0.0,0.0,60.4,50.8
1072,right,14.9278,15.0948,0.82,30.3,0.0,0.0,60.5,50.8
1073,right,14.9278,15.0447,0.82,30.3,0.0,0.0,60.5,50.9
1074,right,12.2804,14.2154,0.98,30.3,0.0,0.0,60.7,51.1
1075,right,12.2804,13.6349,0.98,30.3,0.0,0.0,60.7,51.0
1076,right,14.4504,13.8796,0.85,30.3,0.0,0.0,60.6,50.8
1077,right,17.9710,15.1070,0.69,30.2,0.0,0.0,60.5,50.8
1078,right,17.9710,15.9662,0.69,30.2,0.0,0.0,60.5,55.4
1079,right,17.9710,16.5677,0.69,30.2,0.0,0.0,60.5,62.7
1080,right,15.6997,16.3073,0.78,30.3,0.0,0.0,60.5,67.3
1081,right,15.6997,16.1250,0.78,30.3,0.0,0.0,60.5,73.4
1082,right,15.6997,15.9974,0.78,30.3,0.0,0.0,60.5,78.9
1083,right,14.6051,15.5797,0.84,30.3,0.0,0.0,60.6,82.9
1084,right,14.6051,15.2874,0.84,30.3,0.0,0.0,60.6,87.4
1085,right,14.6051,15.0827,0.84,30.3,0.0,0.0,60.6,91.4
1086,right,14.6051,14.9394,0.84,30.3,0.0,0.0,60.6,95.0
1087,right,14.6051,14.8391,0.84,30.3,0.0,0.0,60.6,98.1
1088,right,11.9509,13.9727,1.01,30.3,0.0,47.6,13.0,100.3
1089,right,11.9509,13.3662,1.01,30.3,0.0,0.0,60.7,103.0
1090,right,11.9509,12.9416,1.01,30.3,0.0,0.0,60.7,105.2
1091,right,13.2515,13.0346,0.92,30.3,0.0,0.0,60.6,107.3
1092,right,13.2515,13.0996,0.92,30.3,0.0,0.0,60.6,109.4
1093,right,13.2515,13.1452,0.92,30.3,0.0,0.0,60.6,111.2
1094,right,13.2515,13.1771,0.92,30.3,0.0,0.0,60.6,112.8
1095,right,-0.9753,8.9314,-87.08,59.0,0.0,100.0,0.0,114.2
1096,right,-0.9753,5.9594,-87.08,59.0,0.0,100.0,0.0,116.1
1097,right,-0.9753,3.8790,-87.08,59.0,0.0,100.0,0.0,117.9
1098,right,-0.9753,2.4227,-87.08,59.0,0.0,100.0,0.0,119.4
1099,right,-0.9753,1.4033,-87.08,59.0,0.0,100.0,0.0,120.9
1100,right,-0.9495,0.6975,-86.64,58.9,0.0,100.0,0.0,121.5
1101,right,-0.9495,0.2034,-86.64,58.9,0.0,100.0,0.0,122.7
1102,left,-0.9495,-0.1425,-86.64,58.9,0.0,100.0,0.0,123.6
1103,left,-0.9495,-0.3846,-86.64,58.9,0.0,100.0,0.0,124.6
1104,left,-0.9227,-0.5460,-87.00,59.0,0.0,100.0,0.0,118.0
1105,left,-0.9227,-0.6590,-87.00,59.0,0.0,100.0,0.0,111.3
1106,left,-0.9504,-0.7464,-88.52,59.5,0.0,100.0,0.0,105.4
1107,right,16.3615,4.3860,0.76,30.3,0.0,0.0,60.5,100.4
1108,right,16.3615,7.9786,0.76,30.3,0.0,0.0,60.5,95.6
1109,right,19.3691,11.3958,0.64,30.2,0.0,0.0,60.4,91.0
1110,right,19.2491,13.7518,0.65,30.2,0.0,0.0,60.4,86.8
1111,right,19.2491,15.4010,0.65,30.2,0.0,0.0,60.4,83.4
1112,right,15.0681,15.3011,0.81,30.3,0.0,0.0,60.5,80.2
1113,right,15.0681,15.2312,0.81,30.3,0.0,0.0,60.5,77.4
1114,right,18.2404,16.1340,0.67,30.2,0.0,0.0,60.4,74.6
1115,right,20.1618,17.3423,0.62,30.2,0.0,0.0,60.4,72.3
1116,right,20.1618,18.1882,0.62,30.2,0.0,0.0,60.4,70.3
1117,right,13.7923,16.8694,0.89,30.3,0.0,0.0,60.6,68.3
1118,right,13.9408,15.9908,0.88,30.3,0.0,0.0,60.6,66.7
1119,right,13.9408,15.3758,0.88,30.3,0.0,0.0,60.6,65.2
1120,right,11.1744,14.1154,1.08,30.4,0.0,0.0,60.7,63.9
1121,right,11.1744,13.2331,1.08,30.4,0.0,0.0,60.7,62.6
1122,right,-0.9850,8.9677,-86.24,58.7,0.0,100.0,0.0,60.2
1123,right,-0.9405,5.9952,-85.71,58.6,0.0,100.0,0.0,58.7
1124,right,-0.9405,3.9145,-85.71,58.6,0.0,100.0,0.0,57.1
1125,right,-0.9017,2.4696,-84.47,58.2,0.0,100.0,0.0,55.2
1126,right,-0.8858,1.4630,-85.46,58.5,0.0,100.0,0.0,54.3
1127,right,-0.9240,0.7469,-87.42,59.1,0.0,100.0,0.0,53.9
1128,right,-0.9240,0.2456,-87.42,59.1,0.0,100.0,0.0,53.6
1129,left,-0.9786,-0.1217,-88.53,59.5,0.0,100.0,0.0,52.3
1130,right,15.2851,4.5004,0.81,30.3,0.0,0.0,60.5,51.8
1131,right,15.2851,7.7358,0.81,30.3,0.0,0.0,60.5,51.3
1132,right,18.5930,10.9929,0.67,30.2,0.0,0.0,60.4,51.0
1133,right,17.2246,12.8625,0.72,30.2,0.0,0.0,60.5,50.5
1134,right,17.2246,14.1711,0.72,30.2,0.0,0.0,60.5,49.9
1135,right,14.8128,14.3636,0.82,30.3,0.0,0.0,60.5,49.5
1136,right,12.6602,13.8526,0.95,30.3,0.0,0.0,60.6,49.1
1137,right,14.6706,14.0980,0.83,30.3,0.0,0.0,60.6,49.2
1138,right,14.6706,14.2698,0.83,30.3,0.0,0.0,60.6,49.5
1139,right,15.4604,14.6269,0.79,30.3,0.0,0.0,60.5,49.8
1140,right,15.4604,14.8770,0.79,30.3,0.0,0.0,60.5,49.9
1141,right,14.7884,14.8504,0.83,30.3,0.0,0.0,60.6,50.1
1142,right,12.9672,14.2854,0.94,30.3,0.0,0.0,60.6,50.2
1143,right,12.9672,13.8900,0.94,30.3,0.0,0.0,60.6,50.5
1144,right,11.4037,13.1441,1.06,30.4,0.0,0.0,60.7,50.1
1145,right,0.2517,9.2764,11.66,33.9,0.0,67.8,0.0,50.1
1146,right,0.2517,6.5690,11.66,33.9,0.0,67.8,0.0,50.4
1147,right,-0.9617,4.3098,-85.33,58.4,0.0,100.0,0.0,50.7
1148,right,-0.9617,2.7284,-85.33,58.4,0.0,100.0,0.0,51.0
1149,right,-0.9218,1.6333,-85.40,58.5,0.0,100.0,0.0,51.1
1150,right,-0.9218,0.8668,-85.40,58.5,0.0,100.0,0.0,50.8
1151,right,-0.9319,0.3272,-86.19,58.7,0.0,100.0,0.0,51.0
1152,go,-0.9771,-0.0641,-87.94,60.8,1.5,100.0,0.0,51.1
1153,right,16.1533,4.8011,0.77,31.6,1.4,0.0,63.2,51.3
1154,right,16.1533,8.2068,0.77,31.5,1.2,0.0,62.9,51.4
1155,right,18.9044,11.4161,0.66,31.3,1.1,0.0,62.6,51.3
1156,right,18.9044,13.6626,0.66,31.2,1.0,0.0,62.4,51.3
1157,right,18.8517,15.2193,0.66,31.1,0.9,0.0,62.2,51.0
1158,right,17.0630,15.7724,0.72,31.0,0.8,0.0,62.1,51.1
1159,right,17.0630,16.1596,0.72,31.0,0.7,0.0,61.9,51.3
1160,right,16.9254,16.3893,0.72,30.9,0.6,0.0,61.8,51.3
1161,right,16.9254,16.5502,0.72,30.8,0.6,0.0,61.6,51.3
1162,right,15.1022,16.1158,0.81,30.8,0.5,0.0,61.6,51.4
1163,right,11.9125,14.8548,1.02,30.8,0.5,0.0,61.6,51.5
1164,right,11.9125,13.9721,1.02,30.8,0.4,0.0,61.5,51.6
1165,right,10.9265,13.0584,1.11,30.7,0.4,0.0,61.5,51.4
1166,right,9.6185,12.0264,1.24,30.8,0.3,0.0,61.5,51.5
1167,right,9.6185,11.3041,1.24,30.7,0.3,0.0,61.4,51.6
1168,right,-0.9779,7.6195,-85.20,58.7,0.3,100.0,0.0,51.6
1169,right,-0.9779,5.0403,-85.20,58.6,0.3,100.0,0.0,51.9
1170,right,-0.9348,3.2478,-84.17,58.3,0.2,100.0,0.0,51.9
1171,right,-0.9348,1.9930,-84.17,58.3,0.2,100.0,0.0,51.8
1172,right,-0.8960,1.1263,-83.32,58.0,0.2,100.0,0.0,51.4
1173,right,-0.8988,0.5188,-85.02,58.5,0.2,100.0,0.0,51.2
1174,right,-0.9474,0.0789,-86.96,59.1,0.1,100.0,0.0,51.3
1175,left,-0.9474,-0.2290,-86.96,59.1,0.1,100.0,0.0,51.0
1176,right,14.5636,4.2088,0.85,30.4,0.1,0.0,60.8,50.6
1177,right,18.5152,8.5007,0.67,30.3,0.1,0.0,60.7,50.1
1178,right,18.5152,11.5051,0.67,30.3,0.1,0.0,60.6,50.3
1179,right,18.4968,13.6026,0.67,30.3,0.1,0.0,60.6,50.4
1180,right,18.4968,15.0708,0.67,30.3,0.1,0.0,60.6,50.4
1181,right,18.0101,15.9526,0.68,30.3,0.1,0.0,60.6,50.3
1182,right,14.7580,15.5943,0.82,30.3,0.1,0.0,60.7,50.4
1183,right,14.7580,15.3434,0.82,30.3,0.1,0.0,60.7,50.3
1184,right,17.1054,15.8720,0.72,30.3,0.1,0.0,60.6,50.3
1185,right,14.5087,15.4630,0.84,30.3,0.0,0.0,60.7,50.4
1186,right,14.5087,15.1767,0.84,30.3,0.0,0.0,60.6,50.6
1187,right,14.8972,15.0929,0.82,30.3,0.0,0.0,60.6,50.7
1188,right,14.8972,15.0342,0.82,30.3,0.0,0.0,60.6,50.6
1189,right,13.2740,14.5061,0.92,30.3,0.0,0.0,60.7,50.1
1190,right,-1.0005,9.8541,-85.25,58.4,0.0,100.0,0.0,50.0
1191,right,-1.0005,6.5977,-85.25,58.4,0.0,100.0,0.0,50.4
1192,right,-0.9587,4.3308,-84.12,58.1,0.0,100.0,0.0,50.4
1193,right,-0.9220,2.7550,-83.69,57.9,0.0,100.0,0.0,50.7
1194,right,-0.9220,1.6519,-83.69,57.9,0.0,100.0,0.0,51.0
1195,right,-0.9277,0.8780,-85.79,58.6,0.0,100.0,0.0,51.3
1196,right,-0.9277,0.3363,-85.79,58.6,0.0,100.0,0.0,51.4
1197,go,-0.9778,-0.0579,-86.71,60.4,1.5,100.0,0.0,51.1
1198,right,18.8148,5.6039,0.66,31.6,1.4,0.0,63.2,51.5
1199,right,18.8148,9.5672,0.66,31.4,1.2,0.0,62.9,51.6
1200,right,16.8127,11.7408,0.74,31.3,1.1,0.0,62.7,51.6
1201,right,18.7352,13.8391,0.67,31.2,1.0,0.0,62.4,51.6
1202,right,18.7352,15.3079,0.67,31.1,0.9,0.0,62.2,51.7
1203,right,17.7307,16.0348,0.70,31.0,0.8,0.0,62.1,51.7
1204,right,17.7307,16.5435,0.70,31.0,0.7,0.0,61.9,51.8
1205,right,13.5513,15.6459,0.89,30.9,0.7,0.0,61.9,51.8
1206,right,15.3235,15.5492,0.80,30.9,0.6,0.0,61.7,51.9
1207,right,15.3235,15.4815,0.80,30.8,0.5,0.0,61.6,51.9
1208,right,13.0027,14.7378,0.93,30.8,0.5,0.0,61.6,52.0
1209,right,13.0027,14.2173,0.93,30.7,0.4,0.0,61.5,52.0
1210,right,13.2849,13.9375,0.91,30.7,0.4,0.0,61.4,51.6
1211,right,12.6092,13.5390,0.96,30.7,0.3,0.0,61.3,51.6
1212,right,12.6092,13.2601,0.96,30.6,0.3,0.0,61.3,51.7
1213,right,-0.9977,8.9827,-83.85,58.2,0.3,100.0,0.0,51.7
1214,right,-0.9977,5.9886,-83.85,58.2,0.3,100.0,0.0,51.9
1215,right,-0.9590,3.9043,-83.04,57.9,0.2,100.0,0.0,51.9
1216,right,-0.9141,2.4588,-81.34,57.3,0.2,100.0,0.0,52.1
1217,right,-0.9141,1.4469,-81.34,57.3,0.2,100.0,0.0,52.3
1218,right,-0.9049,0.7414,-83.14,57.9,0.2,100.0,0.0,52.4
1219,right,-0.9049,0.2475,-83.14,57.9,0.1,100.0,0.0,52.2
1220,left,-0.9477,-0.1111,-85.50,58.6,0.1,100.0,0.0,52.1
1221,right,12.6788,3.7259,0.96,30.4,0.1,0.0,60.9,51.6
1222,right,12.6788,6.4118,0.96,30.4,0.1,0.0,60.9,51.3
1223,right,14.6265,8.8762,0.85,30.4,0.1,0.0,60.8,51.0
1224,right,16.0542,11.0296,0.78,30.3,0.1,0.0,60.7,51.1
1225,right,16.0542,12.5370,0.78,30.3,0.1,0.0,60.7,51.2
1226,right,13.4459,12.8096,0.90,30.4,0.1,0.0,60.7,51.1
1227,right,11.4297,12.3957,1.05,30.4,0.1,0.0,60.8,51.2
1228,right,11.4297,12.1059,1.05,30.4,0.1,0.0,60.8,51.4
1229,right,13.4005,12.4943,0.90,30.4,0.1,0.0,60.7,51.0
1230,right,13.4005,12.7661,0.90,30.3,0.0,0.0,60.7,50.6
1231,right,14.3064,13.2282,0.85,30.3,0.0,0.0,60.7,50.2
1232,right,11.4260,12.6875,1.05,30.4,0.0,0.0,60.8,50.4
1233,right,11.4260,12.3091,1.05,30.4,0.0,0.0,60.8,49.9
1234,right,6.8697,10.6773,1.67,30.6,0.0,50.5,10.7,50.1
1235,right,-0.9847,7.1787,-83.29,57.8,0.0,100.0,0.0,50.1
1236,right,-0.9847,4.7297,-83.29,57.8,0.0,100.0,0.0,50.6
1237,right,-0.9407,3.0286,-81.87,57.3,0.0,100.0,0.0,50.7
1238,right,-0.9407,1.8378,-81.87,57.3,0.0,100.0,0.0,57.8
1239,right,-0.9146,1.0121,-81.92,57.3,0.0,100.0,0.0,64.1
1240,right,-0.9146,0.4341,-81.92,57.3,0.0,100.0,0.0,68.1
1241,go,-0.9146,0.0295,-81.92,58.8,1.5,100.0,0.0,74.5
1242,left,-0.9146,-0.2537,-81.92,58.7,1.4,100.0,0.0,80.3
1243,left,-0.9317,-0.4571,-84.32,59.3,1.2,100.0,0.0,84.6
1244,left,-0.9317,-0.5995,-84.32,59.2,1.1,100.0,0.0,89.5
1245,left,-0.9317,-0.6991,-84.32,59.1,1.0,100.0,0.0,93.8
1246,left,-0.9317,-0.7689,-84.32,59.0,0.9,100.0,0.0,97.8
1247,left,-0.9796,-0.8321,-85.49,59.3,0.8,100.0,0.0,100.3
1248,left,-0.9796,-0.8764,-85.49,59.2,0.7,100.0,0.0,103.7
1249,left,-0.9796,-0.9073,-85.49,59.2,0.7,100.0,0.0,106.2
1250,left,-0.9796,-0.9290,-85.49,59.1,0.6,100.0,0.0,109.0
1251,right,11.6690,2.8504,1.04,30.9,0.5,0.0,61.8,111.7
1252,right,11.6690,5.4960,1.04,30.8,0.5,0.0,61.6,113.0
1253,right,11.6690,7.3479,1.04,30.8,0.4,0.0,61.5,114.3
1254,right,11.6690,8.6442,1.04,30.7,0.4,0.0,61.5,115.3
1255,right,13.4312,10.0803,0.91,30.6,0.3,0.0,61.3,116.3
1256,right,13.4312,11.0856,0.91,30.6,0.3,0.0,61.2,117.5
1257,right,13.4312,11.7893,0.91,30.6,0.3,0.0,61.2,118.6
1258,right,13.4312,12.2818,0.91,30.6,0.3,0.0,61.1,119.4
1259,right,11.9124,12.1710,1.01,30.6,0.2,0.0,61.1,120.0
1260,right,11.9124,12.0934,1.01,30.5,0.2,0.0,61.1,120.6
1261,right,11.9124,12.0391,1.01,30.5,0.2,0.0,61.0,121.2
1262,right,11.9124,12.0011,1.01,30.5,0.2,0.0,61.0,121.4
1263,right,10.1096,11.4337,1.17,30.5,0.1,0.0,61.1,121.9
1264,right,10.1096,11.0365,1.17,30.5,0.1,0.0,61.0,115.0
1265,right,9.2654,10.5051,1.26,30.5,0.1,0.0,61.1,108.8
1266,right,9.2654,10.1332,1.26,30.5,0.1,0.0,61.1,103.1
1267,right,10.6588,10.2909,1.12,30.5,0.1,0.0,60.9,97.9
1268,right,10.6588,10.4013,1.12,30.5,0.1,0.0,60.9,92.9
1269,right,9.1225,10.0176,1.30,30.5,0.1,0.0,61.0,87.7
1270,right,9.4196,9.8382,1.26,30.5,0.1,0.0,61.0,83.5
1271,right,-0.0991,6.8570,16.90,35.7,0.1,71.4,0.0,80.2
1272,right,-0.0991,4.7702,16.90,35.7,0.1,71.4,0.0,77.5
1273,right,-0.9846,3.0438,-82.72,57.6,0.1,100.0,0.0,74.9
1274,right,-0.9846,1.8352,-82.72,57.6,0.0,100.0,0.0,72.8
1275,right,-0.9456,1.0010,-82.00,57.4,0.0,100.0,0.0,71.0
1276,right,-0.9444,0.4174,-83.40,57.8,0.0,100.0,0.0,69.3
1277,go,-0.9444,0.0088,-83.40,59.3,1.5,100.0,0.0,67.7
1278,left,-0.9847,-0.2892,-85.04,59.7,1.4,100.0,0.0,66.3
1279,left,-0.9847,-0.4979,-85.04,59.6,1.2,100.0,0.0,65.0
1280,right,11.3860,3.0673,1.06,31.5,1.1,0.0,62.9,62.7
1281,right,11.7277,5.6654,1.03,31.4,1.0,0.0,62.7,61.2
1282,right,14.5975,8.3450,0.84,31.2,0.9,0.0,62.4,59.8
1283,right,14.5975,10.2208,0.84,31.1,0.8,0.0,62.2,59.1
1284,right,12.8919,11.0221,0.94,31.0,0.7,0.0,62.1,58.4
1285,right,12.8919,11.5830,0.94,31.0,0.7,0.0,61.9,57.7
1286,right,11.1423,11.4508,1.06,31.0,0.6,0.0,61.9,57.2
1287,right,11.5583,11.4831,1.03,30.9,0.5,0.0,61.8,56.4
1288,right,11.5583,11.5056,1.03,30.8,0.5,0.0,61.7,55.8
1289,right,9.5532,10.9199,1.24,30.8,0.4,0.0,61.7,55.3
1290,right,11.3381,11.0454,1.06,30.7,0.4,0.0,61.5,54.7
1291,right,11.3381,11.1332,1.06,30.7,0.4,0.0,61.4,54.2
1292,right,9.5860,10.6691,1.24,30.7,0.3,0.0,61.5,53.4
1293,right,9.0988,10.1980,1.30,30.7,0.3,0.0,61.4,52.5
1294,right,9.0988,9.8682,1.30,30.7,0.3,0.0,61.4,52.2
1295,right,-0.5098,6.7548,33.77,41.5,0.2,83.0,0.0,51.9
1296,right,-0.9761,4.4356,-82.34,57.7,0.2,100.0,0.0,51.9
1297,right,-0.9761,2.8121,-82.34,57.6,0.2,100.0,0.0,52.0
1298,right,-0.9354,1.6878,-81.30,57.3,0.2,100.0,0.0,51.9
1299,right,-0.9354,0.9008,-81.30,57.3,0.2,100.0,0.0,52.1
1300,right,-0.9286,0.3520,-81.76,57.4,0.1,100.0,0.0,52.1
1301,go,-0.9286,-0.0322,-81.76,58.9,1.6,100.0,0.0,52.1
1302,left,-0.9633,-0.3115,-84.52,59.6,1.5,100.0,0.0,52.2
1303,right,9.3604,2.5901,1.26,31.7,1.3,0.0,63.5,52.2
1304,right,9.3604,4.6212,1.26,31.6,1.2,0.0,63.2,52.2
1305,right,11.2299,6.6038,1.07,31.4,1.1,0.0,62.9,51.7
1306,right,13.7866,8.7586,0.89,31.3,1.0,0.0,62.5,51.6
1307,right,13.7866,10.2670,0.89,31.2,0.9,0.0,62.3,51.6
1308,right,10.6998,10.3969,1.12,31.2,0.8,0.0,62.3,50.7
1309,right,10.6998,10.4877,1.12,31.1,0.7,0.0,62.2,50.4
1310,right,8.7260,9.9592,1.33,31.1,0.6,0.0,62.2,50.6
1311,right,8.9883,9.6679,1.31,31.0,0.6,0.0,62.0,50.3
1312,right,9.3700,9.5785,1.27,30.9,0.5,0.0,61.9,50.4
1313,right,9.3700,9.5160,1.27,30.9,0.5,0.0,61.8,50.6
1314,right,8.0916,9.0887,1.45,30.9,0.4,0.0,61.8,50.6
1315,right,8.0916,8.7895,1.45,30.9,0.4,0.0,61.7,50.5
1316,right,-1.0040,5.8515,-82.55,57.9,0.3,100.0,0.0,50.4
1317,right,-0.9600,3.8081,-81.31,57.4,0.3,100.0,0.0,50.7
1318,right,-0.9600,2.3777,-81.31,57.4,0.3,100.0,0.0,51.0
1319,right,-0.9183,1.3889,-79.36,56.7,0.2,100.0,0.0,51.2
1320,right,-0.9183,0.6967,-79.36,56.7,0.2,100.0,0.0,51.0
1321,right,-0.9096,0.2148,-79.68,56.8,0.2,100.0,0.0,51.2
1322,left,-0.9362,-0.1305,-83.60,58.0,0.2,100.0,0.0,51.3
1323,left,-0.9362,-0.3722,-83.60,58.0,0.2,100.0,0.0,51.5
1324,left,-0.9892,-0.5573,-85.35,58.6,0.1,100.0,0.0,51.0
1325,right,9.6395,2.5017,1.23,30.5,0.1,0.0,61.1,51.1
1326,right,9.6395,4.6431,1.23,30.5,0.1,0.0,61.1,51.1
1327,right,14.1031,7.4811,0.86,30.4,0.1,0.0,60.8,51.0
1328,right,15.7126,9.9506,0.78,30.4,0.1,0.0,60.7,51.1
1329,right,15.7126,11.6792,0.78,30.3,0.1,0.0,60.7,51.1
1330,right,12.4552,11.9120,0.97,30.4,0.1,0.0,60.8,51.1
1331,right,12.4552,12.0750,0.97,30.4,0.1,0.0,60.8,51.2
1332,right,13.4424,12.4852,0.90,30.4,0.1,0.0,60.7,50.8
1333,right,14.7563,13.1665,0.82,30.3,0.1,0.0,60.7,50.9
1334,right,14.7563,13.6435,0.82,30.3,0.1,0.0,60.7,51.0
1335,right,13.6405,13.6426,0.89,30.3,0.0,0.0,60.7,50.8
1336,right,11.5570,13.0169,1.04,30.4,0.0,0.0,60.8,50.9
1337,right,11.5570,12.5790,1.04,30.4,0.0,0.0,60.8,50.9
1338,right,5.9844,10.6006,1.87,30.7,0.0,61.3,0.0,50.8
1339,right,5.9844,9.2157,1.87,30.7,0.0,22.0,39.3,50.6
1340,right,-0.9796,6.1571,-82.36,57.5,0.0,100.0,0.0,50.4
1341,right,-0.9380,4.0286,-81.93,57.3,0.0,100.0,0.0,50.5
1342,right,-0.9380,2.5386,-81.93,57.3,0.0,100.0,0.0,50.1
1343,right,-0.9300,1.4980,-81.43,57.2,0.0,100.0,0.0,49.8
1344,right,-0.9428,0.7658,-81.76,57.3,0.0,100.0,0.0,50.1
1345,right,-0.9428,0.2532,-81.76,57.3,0.0,100.0,0.0,50.1
1346,left,-0.9824,-0.1175,-84.45,58.2,0.0,100.0,0.0,50.3
1347,right,11.6287,3.4064,1.04,30.4,0.0,0.0,60.7,50.5
1348,right,11.6287,5.8731,1.04,30.4,0.0,0.0,60.7,50.6
1349,right,12.4515,7.8466,0.97,30.3,0.0,0.0,60.7,50.3
1350,right,12.4515,9.2281,0.97,30.3,0.0,0.0,60.7,50.2
1351,right,12.4252,10.1872,0.98,30.3,0.0,0.0,60.7,50.3
1352,right,11.7013,10.6414,1.02,30.3,0.0,0.0,60.7,50.3
1353,right,11.7013,10.9594,1.02,30.3,0.0,0.0,60.7,50.2
1354,right,11.7941,11.2098,1.02,30.3,0.0,0.0,60.7,49.9
1355,right,9.6891,10.7536,1.23,30.4,0.0,0.0,60.8,49.8
1356,right,9.6891,10.4342,1.23,30.4,0.0,0.0,60.8,50.0
1357,right,11.3108,10.6972,1.06,30.4,0.0,0.0,60.7,49.8
1358,right,9.9181,10.4635,1.20,30.4,0.0,0.0,60.8,50.0
1359,right,9.9181,10.2999,1.20,30.4,0.0,0.0,60.8,50.2
1360,right,9.1200,9.9459,1.30,30.4,0.0,0.0,60.9,50.4
1361,right,9.1200,9.6982,1.30,30.4,0.0,0.0,60.9,50.3
1362,right,9.7825,9.7235,1.22,30.4,0.0,0.0,60.8,50.4
1363,right,8.2740,9.2886,1.43,30.5,0.0,0.0,61.0,50.4
1364,right,8.2740,8.9842,1.43,30.5,0.0,0.0,61.0,50.6
1365,right,9.4323,9.1186,1.27,30.4,0.0,0.0,60.8,50.4
1366,right,8.4759,8.9258,1.39,30.5,0.0,0.0,60.9,50.5
1367,right,8.4759,8.7909,1.39,30.5,0.0,0.0,60.9,50.6
1368,right,8.7856,8.7893,1.35,30.5,0.0,0.0,60.9,50.7
1369,right,8.7856,8.7882,1.35,30.5,0.0,0.0,60.9,50.6
1370,right,9.0930,8.8796,1.31,30.4,0.0,0.0,60.9,50.7
1371,right,7.6573,8.5129,1.54,30.5,0.0,0.0,61.0,50.3
1372,right,7.6573,8.2562,1.54,30.5,0.0,0.0,61.0,50.0
1373,right,8.8108,8.4226,1.35,30.5,0.0,0.0,60.9,49.8
1374,right,7.7301,8.2149,1.52,30.5,0.0,0.0,61.0,49.3
1375,right,7.7301,8.0694,1.52,30.5,0.0,0.0,61.0,49.5
1376,right,5.6850,7.3541,2.00,30.7,0.0,0.0,61.3,48.7
1377,right,6.6589,7.1455,1.74,30.6,0.0,0.0,61.2,48.8
1378,right,6.6589,6.9996,1.74,30.6,0.0,0.0,61.2,49.1
1379,right,5.3377,6.5010,2.11,30.7,0.0,0.0,61.4,49.5
1380,right,5.6264,6.2386,2.00,30.7,0.0,0.0,61.3,49.4
1381,right,5.6264,6.0549,2.00,30.7,0.0,0.0,61.3,49.3
1382,right,5.2074,5.8007,2.15,30.7,0.0,0.0,61.4,49.2
1383,right,5.4176,5.6858,2.10,30.7,0.0,0.0,61.4,49.5
1384,right,5.4176,5.6053,2.10,30.7,0.0,0.0,61.4,49.7
1385,right,4.5538,5.2899,2.42,30.8,0.0,0.0,61.6,49.5
1386,right,4.5911,5.0802,2.42,30.8,0.0,0.0,61.6,49.8
1387,right,4.5911,4.9335,2.42,30.8,0.0,0.0,61.6,50.0
1388,right,3.8608,4.6117,2.80,30.9,0.0,0.0,61.9,50.2
1389,right,3.8608,4.3864,2.80,30.9,0.0,0.0,61.9,50.3
1390,right,3.9579,4.2579,2.73,30.9,0.0,0.0,61.8,50.1
1391,right,4.4901,4.3275,2.46,30.8,0.0,0.0,61.6,50.4
1392,right,4.4901,4.3763,2.46,30.8,0.0,0.0,61.6,50.6
1393,right,4.6414,4.4558,2.39,30.8,0.0,0.0,61.6,50.4
1394,right,3.5117,4.1726,3.01,31.0,0.0,0.0,62.0,50.6
1395,right,3.5117,3.9743,3.01,31.0,0.0,0.0,62.0,49.9
1396,right,1.9675,3.3723,4.69,31.6,0.0,49.5,13.6,49.9
1397,right,1.9675,2.9508,4.69,31.6,0.0,43.6,19.5,50.4
1398,right,4.0045,3.2669,2.72,30.9,0.0,0.0,61.8,57.9
1399,right,4.0045,3.4882,2.72,30.9,0.0,0.0,61.8,64.9
1400,right,4.0045,3.6431,2.72,30.9,0.0,0.0,61.8,70.8
1401,right,1.9930,3.1481,4.69,31.6,0.0,63.1,0.0,75.4
1402,right,1.9930,2.8016,4.69,31.6,0.0,63.1,0.0,79.0
1403,right,1.9930,2.5590,4.69,31.6,0.0,60.9,2.2,82.8
1404,right,1.9930,2.3892,4.69,31.6,0.0,28.3,34.9,84.8
1405,right,3.2180,2.6379,3.25,31.1,0.0,0.0,62.2,86.9
1406,right,3.2180,2.8119,3.25,31.1,0.0,0.0,62.2,89.9
1407,right,3.2180,2.9337,3.25,31.1,0.0,0.0,62.2,92.1
1408,right,1.9189,2.6293,4.81,31.6,0.0,16.0,47.2,88.4
1409,right,1.9189,2.4162,4.81,31.6,0.0,1.4,61.8,84.7
1410,right,3.2064,2.6532,3.27,31.1,0.0,0.0,62.2,80.5
1411,right,0.9968,2.1563,7.28,32.4,0.0,51.2,13.6,76.7
1412,right,0.9968,1.8084,7.28,32.4,0.0,49.3,15.6,74.2
1413,right,1.2354,1.6365,6.43,32.1,0.0,19.3,45.0,71.9
1414,right,1.6646,1.6450,5.33,31.8,0.0,0.0,63.6,70.0
1415,right,1.6646,1.6509,5.33,31.8,0.0,0.0,63.6,68.2
1416,right,3.4202,2.1817,3.11,31.0,0.0,0.0,62.1,66.3
1417,right,1.9410,2.1094,4.80,31.6,0.0,0.0,63.2,64.8
1418,right,1.9410,2.0589,4.80,31.6,0.0,0.0,63.2,63.5
1419,right,1.0785,1.7648,6.98,32.3,0.0,38.9,25.8,62.2
1420,right,1.1009,1.5656,6.92,32.3,0.0,27.2,37.5,61.3
1421,right,1.1009,1.4262,6.92,32.3,0.0,17.7,46.9,60.1
1422,right,1.2522,1.3740,6.44,32.1,0.0,2.6,61.7,59.1
1423,right,1.2522,1.3375,6.44,32.1,0.0,0.2,64.1,58.4
1424,right,1.4272,1.3644,5.91,32.0,0.0,0.0,63.9,57.2
1425,right,1.0798,1.2790,7.03,32.3,0.0,12.6,52.0,56.6
1426,right,1.0798,1.2192,7.03,32.3,0.0,8.9,55.8,56.3
1427,right,1.0637,1.1726,7.12,32.4,0.0,7.7,57.0,55.8
1428,right,1.2037,1.1819,6.65,32.2,0.0,0.0,64.4,55.5
1429,right,1.2037,1.1885,6.65,32.2,0.0,0.0,64.4,55.3
1430,right,0.9266,1.1099,7.71,32.6,0.0,16.2,48.9,55.0
1431,right,0.9266,1.0549,7.71,32.6,0.0,13.0,52.1,54.8
1432,right,0.7586,0.9660,8.56,32.9,0.0,22.9,42.8,54.6
1433,right,0.9204,0.9523,7.72,32.6,0.0,7.5,57.7,54.5
1434,right,0.9204,0.9428,7.72,32.6,0.0,6.9,58.2,54.3
1435,right,1.0446,0.9733,7.24,32.4,0.0,0.0,64.8,54.2
1436,right,1.0446,0.9947,7.24,32.4,0.0,0.0,64.8,54.1
1437,right,1.0221,1.0029,7.35,32.4,0.0,1.5,63.4,53.9
1438,right,0.7580,0.9294,8.57,32.9,0.0,20.6,45.1,53.8
1439,right,0.7580,0.8780,8.57,32.9,0.0,17.5,48.2,53.6
1440,right,0.9881,0.9110,7.49,32.5,0.0,0.0,65.0,53.5
1441,right,0.9881,0.9342,7.49,32.5,0.0,1.0,64.0,53.5
1442,right,1.0614,0.9723,7.16,32.4,0.0,0.0,64.8,52.7
1443,right,0.8977,0.9499,7.86,32.6,0.0,9.0,56.3,52.4
1444,right,0.8977,0.9343,7.86,32.6,0.0,8.0,57.2,52.1
1445,right,0.8640,0.9132,8.01,32.7,0.0,10.0,55.4,51.5
1446,right,0.8640,0.8984,8.01,32.7,0.0,9.0,56.3,51.3
1447,right,1.2818,1.0134,6.43,32.1,0.0,0.0,64.3,51.2
1448,right,1.2740,1.0916,6.47,32.2,0.0,0.0,64.3,50.9
1449,right,1.4408,1.1964,5.96,32.0,0.0,0.0,64.0,50.9
1450,right,1.4408,1.2697,5.96,32.0,0.0,0.0,64.0,50.8
1451,right,2.0249,1.4963,4.72,31.6,0.0,0.0,63.1,50.5
1452,right,1.9824,1.6421,4.78,31.6,0.0,0.0,63.2,50.6
1453,right,1.9824,1.7442,4.78,31.6,0.0,0.0,63.2,50.8
1454,right,1.8503,1.7760,4.99,31.7,0.0,0.0,63.3,50.7
1455,right,1.8503,1.7983,4.99,31.7,0.0,0.0,63.3,51.0
1456,right,1.7087,1.7714,5.30,31.8,0.0,0.0,63.5,50.8
1457,right,2.5852,2.0156,3.90,31.3,0.0,0.0,62.6,51.1
1458,right,2.5852,2.1865,3.90,31.3,0.0,0.0,62.6,51.2
1459,right,1.8516,2.0860,5.00,31.7,0.0,0.0,63.3,51.4
1460,right,1.8516,2.0157,5.00,31.7,0.0,0.0,63.3,51.4
1461,right,2.3600,2.1190,4.19,31.4,0.0,0.0,62.8,51.0
1462,right,2.1970,2.1424,4.41,31.5,0.0,0.0,62.9,51.1
1463,right,2.1970,2.1588,4.41,31.5,0.0,0.0,62.9,51.3
1464,right,2.6092,2.2939,3.85,31.3,0.0,0.0,62.6,51.4
1465,right,2.1327,2.2455,4.48,31.5,0.0,0.0,63.0,51.4
1466,right,2.1327,2.2117,4.48,31.5,0.0,0.0,63.0,51.4
1467,right,2.4249,2.2756,4.07,31.4,0.0,0.0,62.7,51.5
1468,right,2.4249,2.3204,4.07,31.4,0.0,0.0,62.7,51.6
1469,right,3.5059,2.6761,3.03,31.0,0.0,0.0,62.0,51.2
1470,right,4.3237,3.1703,2.55,30.8,0.0,0.0,61.7,51.3
1471,right,4.3237,3.5163,2.55,30.8,0.0,0.0,61.7,50.6
1472,right,5.3976,4.0807,2.10,30.7,0.0,0.0,61.4,50.3
1473,right,4.4524,4.1922,2.48,30.8,0.0,0.0,61.7,50.1
1474,right,4.4524,4.2703,2.48,30.8,0.0,0.0,61.7,50.1
1475,right,5.2781,4.5726,2.13,30.7,0.0,0.0,61.4,49.0
1476,right,5.1701,4.7519,2.18,30.7,0.0,0.0,61.5,48.9
1477,right,5.1701,4.8774,2.18,30.7,0.0,0.0,61.5,48.7
1478,right,5.6990,5.1238,1.99,30.7,0.0,0.0,61.3,48.7
1479,right,6.6463,5.5806,1.74,30.6,0.0,0.0,61.2,49.0
1480,right,6.6463,5.9003,1.74,30.6,0.0,0.0,61.2,49.3
1481,right,6.9955,6.2288,1.66,30.6,0.0,0.0,61.1,48.8
1482,right,8.9618,7.0487,1.33,30.4,0.0,0.0,60.9,48.5
1483,right,8.9618,7.6227,1.33,30.4,0.0,0.0,60.9,48.8
1484,right,9.7680,8.2663,1.23,30.4,0.0,0.0,60.8,48.7
1485,right,13.2775,9.7696,0.92,30.3,0.0,0.0,60.6,49.1
1486,right,13.2775,10.8220,0.92,30.3,0.0,0.0,60.6,49.2
1487,right,10.7597,10.8033,1.12,30.4,0.0,0.0,60.7,49.4
1488,right,14.9044,12.0336,0.82,30.3,0.0,0.0,60.5,49.2
1489,right,14.9044,12.8948,0.82,30.3,0.0,0.0,60.5,49.5
1490,right,11.5756,12.4991,1.04,30.3,0.0,0.0,60.7,49.8
1491,right,11.5756,12.2220,1.04,30.3,0.0,0.0,60.7,49.9
1492,right,12.8039,12.3966,0.95,30.3,0.0,0.0,60.6,50.1
1493,right,13.4965,12.7266,0.91,30.3,0.0,0.0,60.6,50.3
1494,right,13.4965,12.9575,0.91,30.3,0.0,0.0,60.6,50.5
1495,right,15.3518,13.6758,0.80,30.3,0.0,0.0,60.5,50.5
1496,right,17.7950,14.9116,0.69,30.2,0.0,0.0,60.5,50.7
1497,right,17.7950,15.7766,0.69,30.2,0.0,0.0,60.5,50.9
1498,right,17.6527,16.3394,0.70,30.2,0.0,0.0,60.5,50.9
1499,right,17.6527,16.7334,0.70,30.2,0.0,0.0,60.5,51.0
1500,right,18.2809,17.1977,0.68,30.2,0.0,0.0,60.5,50.3
1501,right,17.8233,17.3854,0.69,30.2,0.0,0.0,60.5,50.4
1502,right,17.8233,17.5167,0.69,30.2,0.0,0.0,60.5,50.4
1503,right,21.3371,18.6628,0.58,30.2,0.0,0.0,60.4,50.1
1504,right,18.6469,18.6580,0.66,30.2,0.0,0.0,60.4,50.2
1505,right,18.6469,18.6547,0.66,30.2,0.0,0.0,60.4,50.3
1506,right,-0.9550,12.7718,87.37,59.1,0.0,100.0,0.0,50.2
1507,right,-0.9197,8.6643,88.07,59.4,0.0,100.0,0.0,50.5
1508,right,-0.9197,5.7891,88.07,59.4,0.0,100.0,0.0,50.9
1509,right,-0.8766,3.7894,87.54,59.2,0.0,100.0,0.0,51.1
1510,right,-0.8766,2.3896,87.54,59.2,0.0,100.0,0.0,51.2
1511,right,-0.8902,1.4057,86.09,58.7,0.0,100.0,0.0,51.3
1512,right,-0.9532,0.6980,85.56,58.5,0.0,100.0,0.0,50.8
1513,right,-0.9532,0.2027,85.56,58.5,0.0,100.0,0.0,50.7
1514,right,28.3417,8.6444,0.44,30.1,0.0,0.0,60.3,50.9
1515,right,28.3417,14.5536,0.44,30.1,0.0,0.0,60.3,50.8
1516,right,21.8989,16.7572,0.57,30.2,0.0,0.0,60.4,50.7
1517,right,17.9212,17.1064,0.69,30.2,0.0,0.0,60.5,50.6
1518,right,17.9212,17.3509,0.69,30.2,0.0,0.0,60.5,50.5
1519,right,14.5847,16.5210,0.84,30.3,0.0,0.0,60.6,50.3
1520,right,16.3881,16.4811,0.75,30.2,0.0,0.0,60.5,50.4
1521,right,16.3881,16.4532,0.75,30.2,0.0,0.0,60.5,50.4
1522,right,16.8260,16.5651,0.73,30.2,0.0,0.0,60.5,50.2
1523,right,24.1381,18.8370,0.51,30.2,0.0,0.0,60.3,50.3
1524,right,24.1381,20.4273,0.51,30.2,0.0,0.0,60.3,50.4
1525,right,19.5626,20.1679,0.63,30.2,0.0,0.0,60.4,50.3
1526,right,19.5626,19.9863,0.63,30.2,0.0,0.0,60.4,50.4
1527,right,20.1965,20.0494,0.61,30.2,0.0,0.0,60.4,50.2
1528,right,24.2951,21.3231,0.51,30.2,0.0,0.0,60.3,50.3
1529,right,24.2951,22.2147,0.51,30.2,0.0,0.0,60.3,50.5
1530,right,26.8837,23.6154,0.46,30.2,0.0,0.0,60.3,50.2
1531,right,22.5758,23.3035,0.55,30.2,0.0,0.0,60.4,50.3
1532,right,22.5758,23.0852,0.55,30.2,0.0,0.0,60.4,50.5
1533,right,23.5156,23.2143,0.52,30.2,0.0,0.0,60.3,50.0
1534,right,-0.9552,15.9635,89.81,59.9,0.0,100.0,0.0,50.1
1535,right,-0.9552,10.8879,89.81,59.9,0.0,100.0,0.0,50.5
1536,right,-0.9166,7.3465,-89.54,59.8,0.0,100.0,0.0,49.5
1537,right,-0.8905,4.8754,89.45,59.8,0.0,100.0,0.0,49.9
1538,right,-0.8905,3.1457,89.45,59.8,0.0,100.0,0.0,50.3
1539,right,-0.9181,1.9265,88.50,59.5,0.0,100.0,0.0,49.9
1540,right,-0.9181,1.0731,88.50,59.5,0.0,100.0,0.0,50.2
1541,right,24.9139,8.2254,0.49,30.2,0.0,0.0,60.3,50.1
1542,right,28.2167,14.2227,0.44,30.1,0.0,0.0,60.3,50.2
1543,right,28.2167,18.4209,0.44,30.1,0.0,0.0,60.3,50.2
1544,right,22.7473,19.7188,0.55,30.2,0.0,0.0,60.4,50.1
1545,right,19.9336,19.7832,0.62,30.2,0.0,0.0,60.4,50.3
1546,right,19.9336,19.8283,0.62,30.2,0.0,0.0,60.4,50.5
1547,right,16.2898,18.7668,0.75,30.2,0.0,0.0,60.5,50.6
1548,right,16.2898,18.0237,0.75,30.2,0.0,0.0,60.5,50.5
1549,right,18.4800,18.1606,0.67,30.2,0.0,0.0,60.4,49.9
1550,right,21.3649,19.1219,0.58,30.2,0.0,0.0,60.4,50.2
1551,right,21.3649,19.7948,0.58,30.2,0.0,0.0,60.4,50.1
1552,right,21.6865,20.3623,0.57,30.2,0.0,0.0,60.4,50.0
1553,right,25.5358,21.9143,0.49,30.2,0.0,0.0,60.3,49.4
1554,right,25.5358,23.0008,0.49,30.2,0.0,0.0,60.3,49.4
1555,right,19.8358,22.0513,0.62,30.2,0.0,0.0,60.4,49.4
1556,right,20.2453,21.5095,0.61,30.2,0.0,0.0,60.4,49.3
1557,right,20.2453,21.1302,0.61,30.2,0.0,0.0,60.4,49.4
1558,right,-0.9805,14.4970,-88.86,59.6,0.0,100.0,0.0,49.1
1559,right,-0.9463,9.8640,-88.88,59.6,0.0,100.0,0.0,49.1
1560,right,-0.9463,6.6209,-88.88,59.6,0.0,100.0,0.0,49.6
1561,right,-0.9131,4.3607,-87.86,59.3,0.0,100.0,0.0,48.9
1562,right,-0.8999,2.7825,-88.96,59.7,0.0,100.0,0.0,49.2
1563,right,-0.8999,1.6778,-88.96,59.7,0.0,100.0,0.0,49.6
1564,right,-0.9441,0.8912,-89.86,60.0,0.0,100.0,0.0,50.0
1565,right,-0.9441,0.3406,-89.86,60.0,0.0,100.0,0.0,50.4
1566,right,27.0482,8.3529,0.46,30.2,0.0,0.0,60.3,50.2
1567,right,46.9799,19.9410,0.27,30.1,0.0,0.0,60.2,50.4
1568,right,46.9799,28.0527,0.27,30.1,0.0,0.0,60.2,50.6
1569,right,29.7532,28.5628,0.42,30.1,0.0,0.0,60.3,50.6
1570,right,20.9874,26.2902,0.60,30.2,0.0,0.0,60.4,50.7
1571,right,20.9874,24.6993,0.60,30.2,0.0,0.0,60.4,50.9
1572,right,19.7679,23.2199,0.63,30.2,0.0,0.0,60.4,50.9
1573,right,19.7679,22.1843,0.63,30.2,0.0,0.0,60.4,50.9
1574,right,16.9695,20.6199,0.72,30.2,0.0,0.0,60.5,50.1
1575,right,29.7206,23.3501,0.42,30.1,0.0,0.0,60.3,49.7
1576,right,29.7206,25.2612,0.42,30.1,0.0,0.0,60.3,49.7
1577,right,24.9238,25.1600,0.50,30.2,0.0,0.0,60.3,49.9
1578,right,23.2401,24.5840,0.53,30.2,0.0,0.0,60.4,50.1
1579,right,23.2401,24.1809,0.53,30.2,0.0,0.0,60.4,50.3
1580,right,23.4210,23.9529,0.53,30.2,0.0,0.0,60.4,50.0
1581,right,19.8064,22.7090,0.63,30.2,0.0,0.0,60.4,50.2
1582,right,19.8064,21.8382,0.63,30.2,0.0,0.0,60.4,51.6
1583,right,19.0232,20.9937,0.65,30.2,0.0,0.0,60.4,58.9
1584,right,19.0232,20.4025,0.65,30.2,0.0,0.0,60.4,65.6
1585,right,19.0232,19.9887,0.65,30.2,0.0,0.0,60.4,71.8
1586,right,19.0232,19.6991,0.65,30.2,0.0,0.0,60.4,77.3
1587,right,27.1901,21.9464,0.45,30.2,0.0,0.0,60.3,82.1
1588,right,27.1901,23.5195,0.45,30.2,0.0,0.0,60.3,86.6
1589,right,27.1901,24.6207,0.45,30.2,0.0,0.0,60.3,90.7
1590,right,27.1901,25.3915,0.45,30.2,0.0,0.0,60.3,94.2
1591,right,-0.9863,17.4782,-87.21,59.1,0.0,100.0,0.0,96.2
1592,right,-0.9863,11.9389,-87.21,59.1,0.0,100.0,0.0,100.0
1593,right,-0.9863,8.0613,-87.21,59.1,0.0,100.0,0.0,103.5
1594,right,-0.9863,5.3471,-87.21,59.1,0.0,100.0,0.0,106.6
1595,right,-0.9863,3.4471,-87.21,59.1,0.0,100.0,0.0,105.4
1596,right,-0.9522,2.1273,-86.56,58.9,0.0,100.0,0.0,99.9
1597,right,-0.9255,1.2115,-87.04,59.0,0.0,100.0,0.0,94.9
1598,right,-0.9255,0.5704,-87.04,59.0,0.0,100.0,0.0,90.8
1599,right,-0.9584,0.1117,-88.78,59.6,0.0,100.0,0.0,87.0
1600,right,15.1664,4.6281,0.80,30.3,0.0,0.0,60.5,83.8
1601,right,15.1664,7.7896,0.80,30.3,0.0,0.0,60.5,80.6
1602,right,15.3896,10.0696,0.79,30.3,0.0,0.0,60.5,77.6
1603,right,15.3896,11.6656,0.79,30.3,0.0,0.0,60.5,74.8
1604,right,14.5208,12.5222,0.84,30.3,0.0,0.0,60.6,72.0
1605,right,17.2024,13.9263,0.72,30.2,0.0,0.0,60.5,69.7
1606,right,17.2024,14.9091,0.72,30.2,0.0,0.0,60.5,67.3
1607,right,20.1422,16.4790,0.60,30.2,0.0,0.0,60.4,65.4
1608,right,19.5158,17.3901,0.63,30.2,0.0,0.0,60.4,64.1
1609,right,19.5158,18.0278,0.63,30.2,0.0,0.0,60.4,62.8
1610,right,17.8536,17.9756,0.68,30.2,0.0,0.0,60.5,61.5
1611,right,20.1989,18.6426,0.60,30.2,0.0,0.0,60.4,60.5
1612,right,20.1989,19.1095,0.60,30.2,0.0,0.0,60.4,59.7
1613,right,22.3835,20.0917,0.55,30.2,0.0,0.0,60.4,58.9
1614,right,22.3835,20.7792,0.55,30.2,0.0,0.0,60.4,58.2
1615,right,-0.9909,14.2482,-86.72,58.9,0.0,100.0,0.0,57.3
1616,right,-0.9522,9.6881,-86.16,58.7,0.0,100.0,0.0,57.1
1617,right,-0.9522,6.4960,-86.16,58.7,0.0,100.0,0.0,56.8
1618,right,-0.9122,4.2735,-84.54,58.2,0.0,100.0,0.0,56.3
1619,right,-0.9122,2.7178,-84.54,58.2,0.0,100.0,0.0,56.0
1620,right,-0.9020,1.6319,-86.48,58.8,0.0,100.0,0.0,55.4
1621,right,-0.9435,0.8593,-88.11,59.4,0.0,100.0,0.0,55.0
1622,right,-0.9435,0.3185,-88.11,59.4,0.0,100.0,0.0,55.0
1623,right,16.4428,5.1558,0.74,30.2,0.0,0.0,60.5,54.8
1624,right,16.4428,8.5419,0.74,30.2,0.0,0.0,60.5,54.4
1625,right,14.6654,10.3789,0.83,30.3,0.0,0.0,60.6,54.0
1626,right,18.0536,12.6813,0.68,30.2,0.0,0.0,60.5,53.8
1627,right,18.0536,14.2930,0.68,30.2,0.0,0.0,60.5,53.7
1628,right,21.7376,16.5264,0.56,30.2,0.0,0.0,60.4,52.8
1629,right,18.7761,17.2013,0.65,30.2,0.0,0.0,60.4,52.6
1630,right,18.7761,17.6737,0.65,30.2,0.0,0.0,60.4,52.5
1631,right,20.4320,18.5012,0.60,30.2,0.0,0.0,60.4,51.9
1632,right,18.3296,18.4497,0.66,30.2,0.0,0.0,60.4,51.4
1633,right,18.3296,18.4137,0.66,30.2,0.0,0.0,60.4,51.5
1634,right,17.7197,18.2055,0.69,30.2,0.0,0.0,60.5,51.3
1635,right,12.9984,16.6434,0.92,30.3,0.0,0.0,60.6,51.4
1636,right,12.9984,15.5499,0.92,30.3,0.0,0.0,60.6,51.5
1637,right,12.6280,14.6733,0.92,30.3,0.0,0.0,60.6,51.2
1638,right,12.6280,14.0597,0.92,30.3,0.0,0.0,60.6,50.6
1639,right,-0.9663,9.5519,-86.04,58.7,0.0,100.0,0.0,50.7
1640,right,-0.9267,6.4083,-85.75,58.6,0.0,100.0,0.0,51.1
1641,right,-0.9267,4.2078,-85.75,58.6,0.0,100.0,0.0,51.4
1642,right,-0.8886,2.6789,-83.66,57.9,0.0,100.0,0.0,51.5
1643,right,-0.8771,1.6121,-85.38,58.5,0.0,100.0,0.0,51.4
1644,right,-0.8771,0.8653,-85.38,58.5,0.0,100.0,0.0,51.6
1645,right,-0.9139,0.3316,-87.64,59.2,0.0,100.0,0.0,51.5
1646,go,-0.9139,-0.0421,-87.64,60.7,1.5,100.0,0.0,51.8
1647,left,-0.9799,-0.3234,-88.96,61.0,1.4,100.0,0.0,51.7
1648,right,16.4273,4.7018,0.74,31.5,1.2,0.0,62.9,52.0
1649,right,16.4273,8.2195,0.74,31.3,1.1,0.0,62.7,52.1
1650,right,18.6808,11.3578,0.67,31.2,1.0,0.0,62.4,52.1
1651,right,18.6808,13.5547,0.67,31.1,0.9,0.0,62.2,51.9
1652,right,21.0911,15.8156,0.59,31.0,0.8,0.0,62.0,51.3
1653,right,22.0773,17.6941,0.57,30.9,0.7,0.0,61.8,51.3
1654,right,22.0773,19.0091,0.57,30.8,0.6,0.0,61.7,51.4
1655,right,19.7422,19.2290,0.63,30.8,0.6,0.0,61.6,51.5
1656,right,21.0888,19.7870,0.58,30.7,0.5,0.0,61.4,51.3
1657,right,21.0888,20.1775,0.58,30.7,0.5,0.0,61.3,51.0
1658,right,26.6885,22.1308,0.47,30.6,0.4,0.0,61.2,50.9
1659,right,26.6885,23.4981,0.47,30.5,0.4,0.0,61.1,51.0
1660,right,25.3180,24.0441,0.49,30.5,0.3,0.0,61.0,51.1
1661,right,14.1785,21.0844,0.87,30.6,0.3,4.5,56.7,51.2
1662,right,14.1785,19.0126,0.87,30.6,0.3,0.0,61.1,51.1
1663,right,-0.9920,13.0113,-86.90,59.2,0.3,100.0,0.0,51.1
1664,right,-0.9580,8.8205,-85.52,58.7,0.2,100.0,0.0,51.5
1665,right,-0.9580,5.8869,-85.52,58.7,0.2,100.0,0.0,51.8
1666,right,-0.9162,3.8460,-84.42,58.3,0.2,100.0,0.0,52.0
1667,right,-0.9162,2.4174,-84.42,58.3,0.2,100.0,0.0,52.2
1668,right,-0.9170,1.4171,-86.17,58.9,0.1,100.0,0.0,52.1
1669,right,-0.9633,0.7030,-87.54,59.3,0.1,100.0,0.0,52.2
1670,right,-0.9633,0.2031,-87.54,59.3,0.1,100.0,0.0,52.4
1671,right,21.9032,6.7131,0.56,30.3,0.1,0.0,60.6,52.5
1672,right,21.9032,11.2702,0.56,30.3,0.1,0.0,60.6,52.5
1673,right,22.9324,14.7688,0.54,30.3,0.1,0.0,60.5,52.1
1674,right,22.0251,16.9457,0.56,30.3,0.1,0.0,60.5,51.9
1675,right,22.0251,18.4695,0.56,30.3,0.1,0.0,60.5,51.8
1676,right,19.3003,18.7188,0.65,30.3,0.1,0.0,60.6,51.1
1677,right,19.3003,18.8932,0.65,30.3,0.1,0.0,60.5,50.6
1678,right,16.9166,18.3003,0.73,30.3,0.1,0.0,60.6,49.9
1679,right,16.8309,17.8594,0.73,30.3,0.0,0.0,60.6,49.8
1680,right,17.4635,17.7407,0.71,30.3,0.0,0.0,60.6,49.8
1681,right,17.4635,17.6575,0.71,30.3,0.0,0.0,60.5,48.7
1682,right,19.3583,18.1678,0.64,30.2,0.0,0.0,60.5,48.3
1683,right,20.2112,18.7808,0.61,30.2,0.0,0.0,60.5,47.8
1684,right,20.2112,19.2099,0.61,30.2,0.0,0.0,60.5,47.9
1685,right,-0.9905,13.1498,-85.63,58.6,0.0,100.0,0.0,48.2
1686,right,-0.9486,8.9203,-85.13,58.4,0.0,100.0,0.0,48.8
1687,right,-0.9486,5.9596,-85.13,58.4,0.0,100.0,0.0,49.3
1688,right,-0.9112,3.8984,-83.94,58.0,0.0,100.0,0.0,49.7
1689,right,-0.8902,2.4618,-85.19,58.4,0.0,100.0,0.0,48.8
1690,right,-0.8902,1.4562,-85.19,58.4,0.0,100.0,0.0,48.9
1691,right,-0.9310,0.7400,-87.47,59.2,0.0,100.0,0.0,48.2
1692,right,18.2352,5.9886,0.67,30.2,0.0,0.0,60.5,48.8
1693,right,18.2352,9.6626,0.67,30.2,0.0,0.0,60.5,48.9
1694,right,21.9815,13.3583,0.57,30.2,0.0,0.0,60.4,48.7
1695,right,25.4347,16.9812,0.50,30.2,0.0,0.0,60.3,48.8
1696,right,25.4347,19.5172,0.50,30.2,0.0,0.0,60.3,49.1
1697,right,20.3573,19.7692,0.61,30.2,0.0,0.0,60.4,48.9
1698,right,26.0311,21.6478,0.48,30.2,0.0,0.0,60.3,49.2
1699,right,26.0311,22.9628,0.48,30.2,0.0,0.0,60.3,48.8
1700,right,22.1858,22.7297,0.56,30.2,0.0,0.0,60.4,48.3
1701,right,22.1858,22.5665,0.56,30.2,0.0,0.0,60.4,48.2
1702,right,17.3987,21.0162,0.72,30.2,0.0,0.0,60.5,48.5
1703,right,22.0845,21.3367,0.57,30.2,0.0,0.0,60.4,47.7
1704,right,24.9871,22.4318,0.50,30.2,0.0,0.0,60.3,48.0
1705,right,24.9871,23.1984,0.50,30.2,0.0,0.0,60.3,48.0
1706,right,-0.9906,15.9417,-85.95,58.7,0.0,100.0,0.0,47.4
1707,right,-0.9503,10.8741,-85.35,58.5,0.0,100.0,0.0,47.9
1708,right,-0.9143,7.3376,-84.36,58.1,0.0,100.0,0.0,47.1
1709,right,-0.9143,4.8620,-84.36,58.1,0.0,100.0,0.0,46.7
1710,right,-0.9001,3.1334,-85.28,58.4,0.0,100.0,0.0,47.0
1711,right,-0.9360,1.9126,-87.67,59.2,0.0,100.0,0.0,47.5
1712,right,-0.9360,1.0580,-87.67,59.2,0.0,100.0,0.0,48.2
1713,right,20.3314,6.8400,0.62,30.2,0.0,0.0,60.4,48.5
1714,right,20.3314,10.8875,0.62,30.2,0.0,0.0,60.4,48.8
1715,right,26.1442,15.4645,0.48,30.2,0.0,0.0,60.3,48.9
1716,right,32.2641,20.5044,0.39,30.1,0.0,0.0,60.3,48.6
1717,right,32.2641,24.0323,0.39,30.1,0.0,0.0,60.3,48.7
1718,right,24.2261,24.0904,0.52,30.2,0.0,0.0,60.3,48.7
1719,right,30.1693,25.9141,0.42,30.1,0.0,0.0,60.3,48.9
1720,right,30.1693,27.1906,0.42,30.1,0.0,0.0,60.3,49.2
1721,right,34.6102,29.4165,0.37,30.1,0.0,0.0,60.2,49.4
1722,right,30.1532,29.6375,0.42,30.1,0.0,0.0,60.3,49.7
1723,right,30.1532,29.7922,0.42,30.1,0.0,0.0,60.3,50.0
1724,right,26.0346,28.6649,0.48,30.2,0.0,0.0,60.3,50.0
1725,right,26.0346,27.8758,0.48,30.2,0.0,0.0,60.3,50.2
1726,right,30.5425,28.6759,0.42,30.1,0.0,0.0,60.3,50.1
1727,right,48.1614,34.5215,0.26,30.1,0.0,0.0,60.2,50.1
1728,right,48.1614,38.6135,0.26,30.1,0.0,0.0,60.2,52.4
1729,right,48.1614,41.4779,0.26,30.1,0.0,0.0,60.2,59.8
1730,right,-0.9902,28.7374,-85.21,58.4,0.0,100.0,0.0,65.8
1731,right,-0.9902,19.8192,-85.21,58.4,0.0,100.0,0.0,72.6
1732,right,-0.9902,13.5764,-85.21,58.4,0.0,100.0,0.0,78.7
1733,right,-0.9902,9.2064,-85.21,58.4,0.0,100.0,0.0,84.2
1734,right,-0.9498,6.1595,-85.61,58.5,0.0,100.0,0.0,87.2
1735,right,-0.9498,4.0267,-85.61,58.5,0.0,100.0,0.0,91.8
1736,right,-0.9498,2.5338,-85.61,58.5,0.0,100.0,0.0,96.0
1737,right,-0.9498,1.4887,-85.61,58.5,0.0,100.0,0.0,99.4
1738,right,-0.9152,0.7675,-87.31,59.1,0.0,100.0,0.0,102.7
1739,right,-0.9152,0.2627,-87.31,59.1,0.0,100.0,0.0,105.8
1740,left,-0.9152,-0.0907,-87.31,59.1,0.0,100.0,0.0,108.4
1741,left,-0.9152,-0.3380,-87.31,59.1,0.0,100.0,0.0,108.8
1742,left,-0.9301,-0.5156,-89.95,60.0,0.0,100.0,0.0,102.7
1743,right,21.9882,6.2355,0.58,30.2,0.0,0.0,60.4,97.2
1744,right,21.9882,10.9613,0.58,30.2,0.0,0.0,60.4,92.6
1745,right,35.2589,18.2506,0.36,30.1,0.0,0.0,60.2,88.3
1746,right,25.3797,20.3893,0.50,30.2,0.0,0.0,60.3,84.6
1747,right,25.3797,21.8864,0.50,30.2,0.0,0.0,60.3,81.4
1748,right,42.6472,28.1147,0.30,30.1,0.0,0.0,60.2,78.3
1749,right,42.6472,32.4744,0.30,30.1,0.0,0.0,60.2,75.7
1750,right,30.8529,31.9880,0.41,30.1,0.0,0.0,60.3,72.8
1751,right,36.1127,33.2254,0.35,30.1,0.0,0.0,60.2,70.4
1752,right,36.1127,34.0916,0.35,30.1,0.0,0.0,60.2,68.4
1753,right,84.0986,49.0937,0.15,30.1,0.0,0.0,60.1,66.2
1754,right,54.7527,50.7914,0.24,30.1,0.0,0.0,60.2,64.7
1755,right,54.7527,51.9798,0.24,30.1,0.0,0.0,60.2,63.4
1756,right,93.7075,64.4981,0.14,30.0,0.0,0.0,60.1,62.1
1757,left,-746.0991,-178.6810,-0.02,30.0,0.0,60.0,0.0,61.1
1758,left,-746.0991,-348.9064,-0.02,30.0,0.0,60.0,0.0,60.1
1759,left,-129.7809,-283.1688,-0.10,30.0,0.0,0.0,60.1,59.2
1760,left,-129.7809,-237.1524,-0.10,30.0,0.0,0.0,60.1,58.5
1761,left,-197.7969,-225.3457,-0.07,30.0,0.0,60.0,0.0,57.2
1762,left,-80.0679,-181.7624,-0.17,30.1,0.0,0.0,60.1,55.9
1763,left,-80.0679,-151.2540,-0.17,30.1,0.0,0.0,60.1,55.3
1764,left,323.9039,-8.7066,0.04,30.0,0.0,0.0,60.0,54.8
1765,left,-129.8380,-45.0461,-0.10,30.0,0.0,60.1,0.0,54.4
1766,left,-129.8380,-70.4837,-0.10,30.0,0.0,60.1,0.0,54.0
1767,left,-69.6115,-70.2220,-0.19,30.1,0.0,60.1,0.0,53.3
1768,left,-89.1854,-75.9110,-0.15,30.0,0.0,60.1,0.0,52.2
1769,left,-89.1854,-79.8933,-0.15,30.0,0.0,60.1,0.0,52.1
1770,left,-222.7680,-122.7557,-0.06,30.0,0.0,60.0,0.0,51.2
1771,left,-424.0355,-213.1397,-0.03,30.0,0.0,60.0,0.0,50.8
1772,left,-424.0355,-276.4084,-0.03,30.0,0.0,60.0,0.0,50.5
1773,left,-248.1413,-267.9283,-0.05,30.0,0.0,60.0,0.0,50.4
1774,left,265.7345,-107.8295,0.05,30.0,0.0,0.0,60.0,50.1
1775,right,265.7345,4.2397,0.05,30.0,0.0,0.0,60.0,50.0
1776,right,152.1614,48.6162,0.09,30.0,0.0,0.0,60.1,49.4
1777,right,295.0415,122.5438,0.04,30.0,0.0,0.0,60.0,49.6
1778,right,295.0415,174.2931,0.04,30.0,0.0,0.0,60.0,49.7
1779,right,-180.3997,67.8853,-0.07,30.0,0.0,60.0,0.0,49.5
1780,right,199.3147,107.3141,0.07,30.0,0.0,0.0,60.0,49.8
1781,right,199.3147,134.9143,0.07,30.0,0.0,0.0,60.0,50.0
1782,right,-213.2968,30.4510,-0.06,30.0,0.0,60.0,0.0,50.2
1783,right,230.1514,90.3611,0.06,30.0,0.0,0.0,60.0,50.4
1784,right,230.1514,132.2982,0.06,30.0,0.0,0.0,60.0,50.6
1785,right,234.3215,162.9052,0.06,30.0,0.0,0.0,60.0,50.7
1786,right,234.3215,184.3301,0.06,30.0,0.0,0.0,60.0,50.8
1787,right,-61.0517,110.7155,-0.22,30.1,0.0,60.1,0.0,50.8
1788,right,-54.5797,61.1270,-0.24,30.1,0.0,60.2,0.0,51.0
1789,right,-54.5797,26.4150,-0.24,30.1,0.0,60.2,0.0,51.1
1790,left,-80.1041,-5.5408,-0.16,30.1,0.0,60.1,0.0,51.2
1791,left,-80.1041,-27.9098,-0.16,30.1,0.0,60.1,0.0,51.2
1792,left,-164.2189,-68.8025,-0.08,30.0,0.0,60.1,0.0,51.1
1793,left,-137.2746,-89.3441,-0.10,30.0,0.0,60.1,0.0,51.0
1794,left,-137.2746,-103.7233,-0.10,30.0,0.0,60.1,0.0,51.2
1795,left,-173.0982,-124.5358,-0.08,30.0,0.0,60.1,0.0,50.9
1796,left,-136.5853,-128.1506,-0.10,30.0,0.0,60.1,0.0,51.1
1797,left,-136.5853,-130.6810,-0.10,30.0,0.0,60.1,0.0,51.2
1798,left,-497.4417,-240.7092,-0.03,30.0,0.0,60.0,0.0,51.3
1799,left,-497.4417,-317.7289,-0.03,30.0,0.0,60.0,0.0,51.4
1800,left,-380.2374,-336.4815,-0.03,30.0,0.0,60.0,0.0,50.7
1801,left,64.6580,-216.1396,0.20,30.1,0.0,0.0,60.1,50.8
1802,left,64.6580,-131.9003,0.20,30.1,0.0,0.0,60.1,50.8
1803,left,71.6489,-70.8356,0.18,30.1,0.0,0.0,60.1,50.9
1804,left,61.7578,-31.0576,0.21,30.1,0.0,0.0,60.1,51.0
1805,left,61.7578,-3.2130,0.21,30.1,0.0,0.0,60.1,51.1
1806,right,82.5935,22.5290,0.16,30.1,0.0,0.0,60.1,51.2
1807,right,82.5935,40.5483,0.16,30.1,0.0,0.0,60.1,51.3
1808,right,514.3612,182.6922,0.03,30.0,0.0,0.0,60.0,51.0
1809,right,142.5883,170.6610,0.09,30.0,0.0,0.0,60.1,51.1
1810,right,142.5883,162.2392,0.09,30.0,0.0,0.0,60.1,51.0
1811,left,-490.3128,-33.5264,-0.03,30.0,0.0,60.0,0.0,50.9
1812,left,-73.6408,-45.5607,-0.18,30.1,0.0,60.1,0.0,51.0
1813,left,-73.6408,-53.9847,-0.18,30.1,0.0,60.1,0.0,51.0
1814,left,-105.9147,-69.5637,-0.13,30.0,0.0,60.1,0.0,50.5
1815,left,-65.8445,-68.4480,-0.20,30.1,0.0,60.1,0.0,50.5
1816,left,-65.8445,-67.6669,-0.20,30.1,0.0,60.1,0.0,50.7
1817,left,-106.7438,-79.3900,-0.13,30.0,0.0,60.1,0.0,50.6
1818,left,-106.7438,-87.5962,-0.13,30.0,0.0,60.1,0.0,49.9
1819,left,-180.5034,-115.4683,-0.07,30.0,0.0,60.0,0.0,50.1
1820,left,-138.7595,-122.4557,-0.10,30.0,0.0,60.1,0.0,50.2
1821,left,-138.7595,-127.3468,-0.10,30.0,0.0,60.1,0.0,50.4
1822,left,-597.5395,-268.4046,-0.02,30.0,0.0,60.0,0.0,50.1
1823,left,111.5624,-154.4145,0.12,30.0,0.0,0.0,60.1,50.3
1824,left,111.5624,-74.6214,0.12,30.0,0.0,0.0,60.1,50.5
1825,right,240.4648,19.9044,0.06,30.0,0.0,0.0,60.0,50.6
1826,right,240.4648,86.0725,0.06,30.0,0.0,0.0,60.0,50.6
1827,right,483.1269,205.1889,0.03,30.0,0.0,0.0,60.0,50.7
1828,left,-587.0533,-32.4838,-0.02,30.0,0.0,60.0,0.0,50.7
1829,left,-587.0533,-198.8546,-0.02,30.0,0.0,60.0,0.0,50.9
1830,left,85.1960,-113.6394,0.15,30.1,0.0,0.0,60.1,50.7
1831,left,-131.9982,-119.1471,-0.10,30.0,0.0,60.1,0.0,50.9
1832,left,-131.9982,-123.0024,-0.10,30.0,0.0,60.1,0.0,51.0
1833,left,-155.4003,-132.7218,-0.09,30.0,0.0,60.1,0.0,51.1
1834,left,-155.4003,-139.5253,-0.09,30.0,0.0,60.1,0.0,50.3
1835,left,191.5823,-40.1930,0.07,30.0,0.0,0.0,60.0,50.3
1836,left,88.5373,-1.5739,0.15,30.0,0.0,0.0,60.1,50.5
1837,right,88.5373,25.4594,0.15,30.0,0.0,0.0,60.1,50.6
1838,left,-126.6865,-20.1843,-0.11,30.0,0.0,60.1,0.0,50.3
1839,left,-419.3425,-139.9318,-0.03,30.0,0.0,60.0,0.0,50.5
1840,left,-419.3425,-223.7550,-0.03,30.0,0.0,60.0,0.0,50.7
1841,left,414.8508,-32.1732,0.03,30.0,0.0,0.0,60.0,50.7
1842,left,-118.8668,-58.1813,-0.11,30.0,0.0,60.1,0.0,50.8
1843,left,-118.8668,-76.3870,-0.11,30.0,0.0,60.1,0.0,51.0
1844,right,202.7330,7.3490,0.06,30.0,0.0,0.0,60.0,51.2
1845,right,202.7330,65.9642,0.06,30.0,0.0,0.0,60.0,51.3
1846,right,115.1937,80.7330,0.11,30.0,0.0,0.0,60.1,50.6
1847,right,58.2585,73.9907,0.22,30.1,0.0,0.0,60.1,50.3
1848,right,58.2585,69.2710,0.22,30.1,0.0,0.0,60.1,50.5
1849,right,68.7693,69.1205,0.19,30.1,0.0,0.0,60.1,50.1
1850,right,68.7693,69.0151,0.19,30.1,0.0,0.0,60.1,49.9
1851,left,-544.5706,-115.0606,-0.02,30.0,0.0,60.0,0.0,49.7
1852,left,213.7217,-16.4259,0.06,30.0,0.0,0.0,60.0,49.7
1853,left,-80.2646,-35.5775,-0.17,30.1,0.0,60.1,0.0,50.0
1854,left,-80.2646,-48.9836,-0.17,30.1,0.0,60.1,0.0,50.2
1855,left,-153.5417,-80.3511,-0.09,30.0,0.0,60.1,0.0,50.5
1856,left,-153.5417,-102.3083,-0.09,30.0,0.0,60.1,0.0,50.4
1857,left,-90.8725,-98.8775,-0.15,30.0,0.0,60.1,0.0,50.2
1858,left,-47.1089,-83.3470,-0.29,30.1,0.0,0.0,60.2,50.4
